{"hasMore":false,"data":[{"id":"Host:::1f12a818-d4e8-4fce-8df7-47d2c56db952","name":"10.123.164.22","hostname":"10.123.164.22","primaryClusterId":"d1f52420-f0c3-4065-a200-0bce880c2d0b","operatingSystem":"Windows Server 2022 Standard 64-bit","operatingSystemType":"Windows","status":"Connected","lastRefreshTimeStamp":1719086347324,"mssqlCbtEnabled":"Default","mssqlCbtEffectiveStatus":"OffDefault"},{"id":"Host:::4ca4b3a9-355e-4291-b5df-54f935901057","name":"ldtdsm05san02.etf.barcapetf.com","hostname":"ldtdsm05san02.etf.barcapetf.com","primaryClusterId":"d1f52420-f0c3-4065-a200-0bce880c2d0b","operatingSystem":"Windows Server 2019 Standard 64-bit","operatingSystemType":"Windows","status":"Connected","lastRefreshTimeStamp":1719086331374,"mssqlCbtEnabled":"Default","mssqlCbtEffectiveStatus":"OffDefault"},{"id":"Host:::9738776f-95d1-4cca-b6e2-9991939dbc6f","name":"LDTDSM02RCTST09.etf.barcapetf.com","hostname":"LDTDSM02RCTST09.etf.barcapetf.com","primaryClusterId":"d1f52420-f0c3-4065-a200-0bce880c2d0b","operatingSystem":"Windows Server 2019 Standard 64-bit","operatingSystemType":"Windows","status":"Connected","lastRefreshTimeStamp":1719086166817,"mssqlCbtEnabled":"Default","mssqlCbtEffectiveStatus":"OffDefault"},{"id":"Host:::bc36a645-0271-4f5f-8f59-a72eaf835829","name":"10.123.165.113","hostname":"10.123.165.113","primaryClusterId":"d1f52420-f0c3-4065-a200-0bce880c2d0b","operatingSystem":"Windows Server 2022 Standard 64-bit","operatingSystemType":"Windows","status":"Connected","lastRefreshTimeStamp":1719086356636,"mssqlCbtEnabled":"Default","mssqlCbtEffectiveStatus":"OffDefault"},{"id":"Host:::cfc3f99d-dded-40a3-b138-6ad94d543a91","name":"ldtdsm02z03446.etf.barcapetf.com","hostname":"ldtdsm02z03446.etf.barcapetf.com","primaryClusterId":"d1f52420-f0c3-4065-a200-0bce880c2d0b","operatingSystem":"Windows Server 2022 Standard 64-bit","operatingSystemType":"Windows","status":"Connected","lastRefreshTimeStamp":1719086136389,"mssqlCbtEnabled":"Default","mssqlCbtEffectiveStatus":"OffDefault"},{"id":"Host:::dd44434f-93a5-4e8e-9a9e-5e0fd54831d0","name":"ldtdsm05san01.etf.barcapetf.com","hostname":"ldtdsm05san01.etf.barcapetf.com","primaryClusterId":"d1f52420-f0c3-4065-a200-0bce880c2d0b","operatingSystem":"Windows Server 2019 Standard 64-bit","operatingSystemType":"Windows","status":"Disconnected","lastRefreshTimeStamp":1719086171278,"mssqlCbtEnabled":"Default","mssqlCbtEffectiveStatus":"OffDefault"},{"id":"Host:::fbaf1e26-f7c9-4405-bca8-4d815e99154d","name":"10.125.183.11","hostname":"10.125.183.11","primaryClusterId":"d1f52420-f0c3-4065-a200-0bce880c2d0b","operatingSystem":"Cristie RBMR recovery environment (PE10) 64-bit","operatingSystemType":"Windows","status":"Disconnected","lastRefreshTimeStamp":1719086331427,"mssqlCbtEnabled":"Default","mssqlCbtEffectiveStatus":"OffDefault"}],"total":7}
