{"hasMore":false,"data":[{"id":"629b4515-8df2-403e-948e-02496c46338b","date":"2024-04-10T09:35:21.696Z","sourceObjectType":"VolumeGroup","isOnDemandSnapshot":true,"isCustomRetentionApplied":true,"cloudState":0,"indexState":1,"replicationLocationIds":[],"archivalLocationIds":[],"slaId":"UNPROTECTED","slaName":"Unprotected","isRetainedByRetentionLockSla":false,"cloudStorageTiers":[],"isPlacedOnLegalHold":false,"snapshotRetentionInfo":{"localInfo":{"id":"d1f52420-f0c3-4065-a200-0bce880c2d0b","name":"LOCAL","isSnapshotPresent":true,"isExpirationDateCalculated":true,"snapshotFrequency":"Forever","isRetainedForSecurity":false},"archivalInfos":[],"replicationInfos":[],"cloudNativeLocationInfo":[]},"volumeGroupId":"VolumeGroup:::618ef44a-a83d-4d6d-8824-a2da34840934","name":"C:\\, D:\\","includedVolumes":[{"id":"128d8db4-1e35-4c4c-b08e-97d706fe5d2c","fileSystemType":"NTFS","mountPoints":["C:\\"],"size":107372081152},{"id":"b53838db-3da9-4de0-9696-070a73c4b20a","fileSystemType":"NTFS","mountPoints":["D:\\"],"size":372167929856}],"usedFastVhdx":true,"fileSizeInBytes":479627051008},{"id":"19831b2c-246d-499c-9be5-8c35a3089a62","date":"2024-05-03T12:06:07.939Z","sourceObjectType":"VolumeGroup","isOnDemandSnapshot":true,"isCustomRetentionApplied":false,"cloudState":0,"indexState":1,"replicationLocationIds":[],"archivalLocationIds":[],"slaId":"4f39efe6-6d76-45b7-82ec-b66bd199b187","slaName":"C123456-CLIFF","isRetainedByRetentionLockSla":false,"cloudStorageTiers":[],"isPlacedOnLegalHold":false,"snapshotRetentionInfo":{"localInfo":{"id":"d1f52420-f0c3-4065-a200-0bce880c2d0b","name":"LOCAL","isSnapshotPresent":true,"isExpirationDateCalculated":true,"expirationTime":"2024-08-11T16:35:06.311Z","snapshotFrequency":"Hourly","isRetainedForSecurity":false},"archivalInfos":[],"replicationInfos":[],"cloudNativeLocationInfo":[]},"volumeGroupId":"VolumeGroup:::618ef44a-a83d-4d6d-8824-a2da34840934","name":"C:\\, D:\\, E:\\","includedVolumes":[{"id":"0ca3d494-21db-45c4-9c72-7ae802f2c2e3","fileSystemType":"NTFS","mountPoints":["C:\\"],"size":107372081152},{"id":"b4f4bab4-5401-4055-aeee-6ae85f734534","fileSystemType":"NTFS","mountPoints":["D:\\"],"size":104857595904},{"id":"795aad60-f8ba-4da8-9ecc-d11cdadf9892","fileSystemType":"NTFS","mountPoints":["E:\\"],"size":104857595904}],"usedFastVhdx":true,"fileSizeInBytes":317257154560},{"id":"ed060159-0539-4231-9cbd-84dabd64c3e9","date":"2024-05-08T09:07:25.557Z","sourceObjectType":"VolumeGroup","isOnDemandSnapshot":true,"isCustomRetentionApplied":false,"cloudState":0,"indexState":1,"replicationLocationIds":[],"archivalLocationIds":[],"slaId":"4f39efe6-6d76-45b7-82ec-b66bd199b187","slaName":"C123456-CLIFF","isRetainedByRetentionLockSla":false,"cloudStorageTiers":[],"isPlacedOnLegalHold":false,"snapshotRetentionInfo":{"localInfo":{"id":"d1f52420-f0c3-4065-a200-0bce880c2d0b","name":"LOCAL","isSnapshotPresent":true,"isExpirationDateCalculated":true,"expirationTime":"2024-08-16T12:35:06.311Z","snapshotFrequency":"Hourly","isRetainedForSecurity":false},"archivalInfos":[],"replicationInfos":[],"cloudNativeLocationInfo":[]},"volumeGroupId":"VolumeGroup:::618ef44a-a83d-4d6d-8824-a2da34840934","name":"C:\\, D:\\, E:\\","includedVolumes":[{"id":"0ca3d494-21db-45c4-9c72-7ae802f2c2e3","fileSystemType":"NTFS","mountPoints":["C:\\"],"size":107372081152},{"id":"b4f4bab4-5401-4055-aeee-6ae85f734534","fileSystemType":"NTFS","mountPoints":["D:\\"],"size":104857595904},{"id":"795aad60-f8ba-4da8-9ecc-d11cdadf9892","fileSystemType":"NTFS","mountPoints":["E:\\"],"size":104857595904}],"usedFastVhdx":true,"fileSizeInBytes":317257154560},{"id":"8f097114-5b56-4bbd-9097-9b0e3797be45","date":"2024-05-08T11:51:07.762Z","sourceObjectType":"VolumeGroup","isOnDemandSnapshot":true,"isCustomRetentionApplied":false,"cloudState":0,"indexState":1,"replicationLocationIds":[],"archivalLocationIds":[],"slaId":"9b6196d8-3d86-4bd8-b32c-45d7e36c011b","slaName":"LAB Generic SLA Do Not Delete","isRetainedByRetentionLockSla":false,"cloudStorageTiers":[],"isPlacedOnLegalHold":false,"snapshotRetentionInfo":{"localInfo":{"id":"d1f52420-f0c3-4065-a200-0bce880c2d0b","name":"LOCAL","isSnapshotPresent":true,"isExpirationDateCalculated":true,"expirationTime":"2025-05-31T23:00:00.000Z","snapshotFrequency":"Monthly","isRetainedForSecurity":false},"archivalInfos":[],"replicationInfos":[],"cloudNativeLocationInfo":[]},"volumeGroupId":"VolumeGroup:::618ef44a-a83d-4d6d-8824-a2da34840934","name":"C:\\, D:\\, E:\\","includedVolumes":[{"id":"0ca3d494-21db-45c4-9c72-7ae802f2c2e3","fileSystemType":"NTFS","mountPoints":["C:\\"],"size":107372081152},{"id":"b4f4bab4-5401-4055-aeee-6ae85f734534","fileSystemType":"NTFS","mountPoints":["D:\\"],"size":104857595904},{"id":"795aad60-f8ba-4da8-9ecc-d11cdadf9892","fileSystemType":"NTFS","mountPoints":["E:\\"],"size":104857595904}],"usedFastVhdx":true,"fileSizeInBytes":317257154560},{"id":"90816113-2be8-443d-954f-ed500605142c","date":"2024-06-22T18:40:17.702Z","sourceObjectType":"VolumeGroup","isOnDemandSnapshot":true,"isCustomRetentionApplied":false,"cloudState":0,"indexState":1,"replicationLocationIds":[],"archivalLocationIds":[],"slaId":"a3b561d6-5379-411d-876f-4504527abe6d","slaName":"sla_   ci0000111_2d2c2051-999d-4930-9bae-580303cb539a","isRetainedByRetentionLockSla":false,"cloudStorageTiers":[],"isPlacedOnLegalHold":false,"snapshotRetentionInfo":{"localInfo":{"id":"d1f52420-f0c3-4065-a200-0bce880c2d0b","name":"LOCAL","isSnapshotPresent":true,"isExpirationDateCalculated":true,"expirationTime":"2024-06-27T20:35:06.311Z","snapshotFrequency":"Hourly","isRetainedForSecurity":false},"archivalInfos":[],"replicationInfos":[],"cloudNativeLocationInfo":[]},"volumeGroupId":"VolumeGroup:::618ef44a-a83d-4d6d-8824-a2da34840934","name":"C:\\, D:\\","includedVolumes":[{"id":"1314d399-86a4-4d85-b105-bf873f12d342","fileSystemType":"NTFS","mountPoints":["C:\\"],"size":107372081152},{"id":"75cb7327-a42a-4f63-b9ea-1253b9b64518","fileSystemType":"NTFS","mountPoints":["D:\\"],"size":104857595904}],"usedFastVhdx":true,"fileSizeInBytes":479627051008},{"id":"4b053bc2-171d-4c9e-b1cb-9964a65e9ac3","date":"2024-06-22T18:51:28.667Z","sourceObjectType":"VolumeGroup","isOnDemandSnapshot":true,"isCustomRetentionApplied":false,"cloudState":0,"indexState":1,"replicationLocationIds":[],"archivalLocationIds":[],"slaId":"UNPROTECTED","slaName":"Unprotected","isRetainedByRetentionLockSla":false,"cloudStorageTiers":[],"isPlacedOnLegalHold":false,"snapshotRetentionInfo":{"localInfo":{"id":"d1f52420-f0c3-4065-a200-0bce880c2d0b","name":"LOCAL","isSnapshotPresent":true,"isExpirationDateCalculated":true,"snapshotFrequency":"Forever","isRetainedForSecurity":false},"archivalInfos":[],"replicationInfos":[],"cloudNativeLocationInfo":[]},"volumeGroupId":"VolumeGroup:::618ef44a-a83d-4d6d-8824-a2da34840934","name":"C:\\, D:\\","includedVolumes":[{"id":"1314d399-86a4-4d85-b105-bf873f12d342","fileSystemType":"NTFS","mountPoints":["C:\\"],"size":107372081152},{"id":"75cb7327-a42a-4f63-b9ea-1253b9b64518","fileSystemType":"NTFS","mountPoints":["D:\\"],"size":104857595904}],"usedFastVhdx":true,"fileSizeInBytes":479627051008}],"total":6}
