{"hasMore":false,"data":[{"path":"C:\\RBMRCFG\\SYSTEM\\Boot\\sr-Latn-RS\\bootmgr.exe.mui","filename":"bootmgr.exe.mui","fileVersions":[{"lastModified":"2023-08-09T01:58:33+0000","size":78192,"snapshotId":"629b4515-8df2-403e-948e-02496c46338b","fileMode":"file","source":"cloud"},{"lastModified":"2023-08-09T01:58:33+0000","size":78192,"snapshotId":"19831b2c-246d-499c-9be5-8c35a3089a62","fileMode":"file","source":"cloud"},{"lastModified":"2023-08-09T01:58:33+0000","size":78192,"snapshotId":"4b053bc2-171d-4c9e-b1cb-9964a65e9ac3","fileMode":"file","source":"cloud"},{"lastModified":"2023-08-09T01:58:33+0000","size":78192,"snapshotId":"90816113-2be8-443d-954f-ed500605142c","fileMode":"file","source":"cloud"}]},{"path":"C:\\RBMRCFG\\SYSTEM\\Boot\\Fonts\\segoe_slboot.ttf","filename":"segoe_slboot.ttf","fileVersions":[{"lastModified":"2018-09-15T07:12:23+0000","size":86080,"snapshotId":"629b4515-8df2-403e-948e-02496c46338b","fileMode":"file","source":"cloud"},{"lastModified":"2018-09-15T07:12:23+0000","size":86080,"snapshotId":"19831b2c-246d-499c-9be5-8c35a3089a62","fileMode":"file","source":"cloud"},{"lastModified":"2018-09-15T07:12:23+0000","size":86080,"snapshotId":"4b053bc2-171d-4c9e-b1cb-9964a65e9ac3","fileMode":"file","source":"cloud"},{"lastModified":"2018-09-15T07:12:23+0000","size":86080,"snapshotId":"90816113-2be8-443d-954f-ed500605142c","fileMode":"file","source":"cloud"}]},{"path":"C:\\RBMRCFG\\SYSTEM\\Boot\\pt-BR\\memtest.exe.mui","filename":"memtest.exe.mui","fileVersions":[{"lastModified":"2018-09-15T07:13:09+0000","size":45368,"snapshotId":"629b4515-8df2-403e-948e-02496c46338b","fileMode":"file","source":"cloud"},{"lastModified":"2018-09-15T07:13:09+0000","size":45368,"snapshotId":"19831b2c-246d-499c-9be5-8c35a3089a62","fileMode":"file","source":"cloud"},{"lastModified":"2018-09-15T07:13:09+0000","size":45368,"snapshotId":"4b053bc2-171d-4c9e-b1cb-9964a65e9ac3","fileMode":"file","source":"cloud"},{"lastModified":"2018-09-15T07:13:09+0000","size":45368,"snapshotId":"90816113-2be8-443d-954f-ed500605142c","fileMode":"file","source":"cloud"}]},{"path":"C:\\RBMRCFG\\SYSTEM\\Boot\\BOOTSTAT.DAT","filename":"BOOTSTAT.DAT","fileVersions":[{"lastModified":"2023-10-11T08:24:19+0000","size":65536,"snapshotId":"629b4515-8df2-403e-948e-02496c46338b","fileMode":"file","source":"cloud"},{"lastModified":"2023-10-11T08:24:19+0000","size":65536,"snapshotId":"19831b2c-246d-499c-9be5-8c35a3089a62","fileMode":"file","source":"cloud"},{"lastModified":"2023-10-11T08:24:19+0000","size":65536,"snapshotId":"4b053bc2-171d-4c9e-b1cb-9964a65e9ac3","fileMode":"file","source":"cloud"},{"lastModified":"2023-10-11T08:24:19+0000","size":65536,"snapshotId":"90816113-2be8-443d-954f-ed500605142c","fileMode":"file","source":"cloud"}]},{"path":"C:\\RBMRCFG\\SYSTEM\\Boot\\qps-plocm","filename":"qps-plocm","fileVersions":[{"lastModified":"2024-03-27T12:04:15+0000","size":84352,"snapshotId":"629b4515-8df2-403e-948e-02496c46338b","fileMode":"directory","source":"cloud"},{"lastModified":"2024-05-03T10:55:21+0000","size":84352,"snapshotId":"19831b2c-246d-499c-9be5-8c35a3089a62","fileMode":"directory","source":"cloud"},{"lastModified":"2024-06-22T18:49:51+0000","size":84352,"snapshotId":"4b053bc2-171d-4c9e-b1cb-9964a65e9ac3","fileMode":"directory","source":"cloud"},{"lastModified":"2024-06-14T10:39:04+0000","size":84352,"snapshotId":"90816113-2be8-443d-954f-ed500605142c","fileMode":"directory","source":"cloud"}]},{"path":"C:\\RBMRCFG\\SYSTEM\\Boot\\Fonts\\msjh_boot.ttf","filename":"msjh_boot.ttf","fileVersions":[{"lastModified":"2018-09-15T07:12:44+0000","size":165721,"snapshotId":"629b4515-8df2-403e-948e-02496c46338b","fileMode":"file","source":"cloud"},{"lastModified":"2018-09-15T07:12:44+0000","size":165721,"snapshotId":"19831b2c-246d-499c-9be5-8c35a3089a62","fileMode":"file","source":"cloud"},{"lastModified":"2018-09-15T07:12:44+0000","size":165721,"snapshotId":"4b053bc2-171d-4c9e-b1cb-9964a65e9ac3","fileMode":"file","source":"cloud"},{"lastModified":"2018-09-15T07:12:44+0000","size":165721,"snapshotId":"90816113-2be8-443d-954f-ed500605142c","fileMode":"file","source":"cloud"}]},{"path":"C:\\RBMRCFG\\SYSTEM\\Boot\\Resources","filename":"Resources","fileVersions":[{"lastModified":"2024-03-27T12:04:15+0000","size":113656,"snapshotId":"629b4515-8df2-403e-948e-02496c46338b","fileMode":"directory","source":"cloud"},{"lastModified":"2024-05-03T10:55:21+0000","size":113656,"snapshotId":"19831b2c-246d-499c-9be5-8c35a3089a62","fileMode":"directory","source":"cloud"},{"lastModified":"2024-06-22T18:49:51+0000","size":113656,"snapshotId":"4b053bc2-171d-4c9e-b1cb-9964a65e9ac3","fileMode":"directory","source":"cloud"},{"lastModified":"2024-06-14T10:39:05+0000","size":113656,"snapshotId":"90816113-2be8-443d-954f-ed500605142c","fileMode":"directory","source":"cloud"}]},{"path":"C:\\RBMRCFG\\SYSInfo","filename":"SYSInfo","fileVersions":[{"lastModified":"2024-03-27T12:04:15+0000","size":655409,"snapshotId":"629b4515-8df2-403e-948e-02496c46338b","fileMode":"file","source":"cloud"},{"lastModified":"2024-05-03T10:55:20+0000","size":503031,"snapshotId":"19831b2c-246d-499c-9be5-8c35a3089a62","fileMode":"file","source":"cloud"},{"lastModified":"2024-06-22T18:49:51+0000","size":500674,"snapshotId":"4b053bc2-171d-4c9e-b1cb-9964a65e9ac3","fileMode":"file","source":"cloud"},{"lastModified":"2024-06-14T10:39:03+0000","size":500625,"snapshotId":"90816113-2be8-443d-954f-ed500605142c","fileMode":"file","source":"cloud"}]},{"path":"C:\\RBMRCFG\\SYSTEM\\Boot\\el-GR\\bootmgr.exe.mui","filename":"bootmgr.exe.mui","fileVersions":[{"lastModified":"2023-08-09T01:58:31+0000","size":81264,"snapshotId":"629b4515-8df2-403e-948e-02496c46338b","fileMode":"file","source":"cloud"},{"lastModified":"2023-08-09T01:58:31+0000","size":81264,"snapshotId":"19831b2c-246d-499c-9be5-8c35a3089a62","fileMode":"file","source":"cloud"},{"lastModified":"2023-08-09T01:58:31+0000","size":81264,"snapshotId":"4b053bc2-171d-4c9e-b1cb-9964a65e9ac3","fileMode":"file","source":"cloud"},{"lastModified":"2023-08-09T01:58:31+0000","size":81264,"snapshotId":"90816113-2be8-443d-954f-ed500605142c","fileMode":"file","source":"cloud"}]},{"path":"C:\\RBMRCFG\\SYSTEM\\Boot\\PCAT","filename":"PCAT","fileVersions":[{"lastModified":"2024-03-27T12:04:15+0000","size":415230,"snapshotId":"629b4515-8df2-403e-948e-02496c46338b","fileMode":"directory","source":"cloud"},{"lastModified":"2024-05-03T10:55:20+0000","size":415230,"snapshotId":"19831b2c-246d-499c-9be5-8c35a3089a62","fileMode":"directory","source":"cloud"},{"lastModified":"2024-06-22T18:49:51+0000","size":415230,"snapshotId":"4b053bc2-171d-4c9e-b1cb-9964a65e9ac3","fileMode":"directory","source":"cloud"},{"lastModified":"2024-06-14T10:39:03+0000","size":415230,"snapshotId":"90816113-2be8-443d-954f-ed500605142c","fileMode":"directory","source":"cloud"}]},{"path":"C:\\RBMRCFG\\SYSTEM\\Boot\\cs-CZ\\bootmgr.exe.mui","filename":"bootmgr.exe.mui","fileVersions":[{"lastModified":"2023-08-09T01:58:33+0000","size":78192,"snapshotId":"629b4515-8df2-403e-948e-02496c46338b","fileMode":"file","source":"cloud"},{"lastModified":"2023-08-09T01:58:33+0000","size":78192,"snapshotId":"19831b2c-246d-499c-9be5-8c35a3089a62","fileMode":"file","source":"cloud"},{"lastModified":"2023-08-09T01:58:33+0000","size":78192,"snapshotId":"4b053bc2-171d-4c9e-b1cb-9964a65e9ac3","fileMode":"file","source":"cloud"},{"lastModified":"2023-08-09T01:58:33+0000","size":78192,"snapshotId":"90816113-2be8-443d-954f-ed500605142c","fileMode":"file","source":"cloud"}]},{"path":"C:\\RBMRCFG\\SYSTEM\\Boot\\zh-TW","filename":"zh-TW","fileVersions":[{"lastModified":"2024-03-27T12:04:15+0000","size":111800,"snapshotId":"629b4515-8df2-403e-948e-02496c46338b","fileMode":"directory","source":"cloud"},{"lastModified":"2024-05-03T10:55:21+0000","size":111800,"snapshotId":"19831b2c-246d-499c-9be5-8c35a3089a62","fileMode":"directory","source":"cloud"},{"lastModified":"2024-06-22T18:49:51+0000","size":111800,"snapshotId":"4b053bc2-171d-4c9e-b1cb-9964a65e9ac3","fileMode":"directory","source":"cloud"},{"lastModified":"2024-06-14T10:39:05+0000","size":111800,"snapshotId":"90816113-2be8-443d-954f-ed500605142c","fileMode":"directory","source":"cloud"}]},{"path":"C:\\RBMRCFG\\SYSTEM\\Boot\\en-US\\bootmgr.exe.mui","filename":"bootmgr.exe.mui","fileVersions":[{"lastModified":"2023-08-09T01:58:48+0000","size":75648,"snapshotId":"629b4515-8df2-403e-948e-02496c46338b","fileMode":"file","source":"cloud"},{"lastModified":"2023-08-09T01:58:48+0000","size":75648,"snapshotId":"19831b2c-246d-499c-9be5-8c35a3089a62","fileMode":"file","source":"cloud"},{"lastModified":"2023-08-09T01:58:48+0000","size":75648,"snapshotId":"4b053bc2-171d-4c9e-b1cb-9964a65e9ac3","fileMode":"file","source":"cloud"},{"lastModified":"2023-08-09T01:58:48+0000","size":75648,"snapshotId":"90816113-2be8-443d-954f-ed500605142c","fileMode":"file","source":"cloud"}]},{"path":"C:\\RBMRCFG\\SYSTEM\\Boot\\sv-SE\\memtest.exe.mui","filename":"memtest.exe.mui","fileVersions":[{"lastModified":"2018-09-15T07:13:09+0000","size":44856,"snapshotId":"629b4515-8df2-403e-948e-02496c46338b","fileMode":"file","source":"cloud"},{"lastModified":"2018-09-15T07:13:09+0000","size":44856,"snapshotId":"19831b2c-246d-499c-9be5-8c35a3089a62","fileMode":"file","source":"cloud"},{"lastModified":"2018-09-15T07:13:09+0000","size":44856,"snapshotId":"4b053bc2-171d-4c9e-b1cb-9964a65e9ac3","fileMode":"file","source":"cloud"},{"lastModified":"2018-09-15T07:13:09+0000","size":44856,"snapshotId":"90816113-2be8-443d-954f-ed500605142c","fileMode":"file","source":"cloud"}]},{"path":"C:\\RBMRCFG\\SYSTEM\\Boot\\uk-UA","filename":"uk-UA","fileVersions":[{"lastModified":"2024-03-27T12:04:15+0000","size":82912,"snapshotId":"629b4515-8df2-403e-948e-02496c46338b","fileMode":"directory","source":"cloud"},{"lastModified":"2024-05-03T10:55:21+0000","size":82912,"snapshotId":"19831b2c-246d-499c-9be5-8c35a3089a62","fileMode":"directory","source":"cloud"},{"lastModified":"2024-06-22T18:49:51+0000","size":82912,"snapshotId":"4b053bc2-171d-4c9e-b1cb-9964a65e9ac3","fileMode":"directory","source":"cloud"},{"lastModified":"2024-06-14T10:39:05+0000","size":82912,"snapshotId":"90816113-2be8-443d-954f-ed500605142c","fileMode":"directory","source":"cloud"}]},{"path":"C:\\RBMRCFG\\SYSTEM\\Boot\\tr-TR\\memtest.exe.mui","filename":"memtest.exe.mui","fileVersions":[{"lastModified":"2018-09-15T07:13:09+0000","size":45368,"snapshotId":"629b4515-8df2-403e-948e-02496c46338b","fileMode":"file","source":"cloud"},{"lastModified":"2018-09-15T07:13:09+0000","size":45368,"snapshotId":"19831b2c-246d-499c-9be5-8c35a3089a62","fileMode":"file","source":"cloud"},{"lastModified":"2018-09-15T07:13:09+0000","size":45368,"snapshotId":"4b053bc2-171d-4c9e-b1cb-9964a65e9ac3","fileMode":"file","source":"cloud"},{"lastModified":"2018-09-15T07:13:09+0000","size":45368,"snapshotId":"90816113-2be8-443d-954f-ed500605142c","fileMode":"file","source":"cloud"}]},{"path":"C:\\RBMRCFG\\SYSTEM\\Boot\\sl-SI\\bootmgr.exe.mui","filename":"bootmgr.exe.mui","fileVersions":[{"lastModified":"2023-08-09T01:58:39+0000","size":78208,"snapshotId":"629b4515-8df2-403e-948e-02496c46338b","fileMode":"file","source":"cloud"},{"lastModified":"2023-08-09T01:58:39+0000","size":78208,"snapshotId":"19831b2c-246d-499c-9be5-8c35a3089a62","fileMode":"file","source":"cloud"},{"lastModified":"2023-08-09T01:58:39+0000","size":78208,"snapshotId":"4b053bc2-171d-4c9e-b1cb-9964a65e9ac3","fileMode":"file","source":"cloud"},{"lastModified":"2023-08-09T01:58:39+0000","size":78208,"snapshotId":"90816113-2be8-443d-954f-ed500605142c","fileMode":"file","source":"cloud"}]},{"path":"C:\\RBMRCFG\\SYSTEM\\Boot\\fr-FR\\memtest.exe.mui","filename":"memtest.exe.mui","fileVersions":[{"lastModified":"2018-09-15T07:13:08+0000","size":45880,"snapshotId":"629b4515-8df2-403e-948e-02496c46338b","fileMode":"file","source":"cloud"},{"lastModified":"2018-09-15T07:13:08+0000","size":45880,"snapshotId":"19831b2c-246d-499c-9be5-8c35a3089a62","fileMode":"file","source":"cloud"},{"lastModified":"2018-09-15T07:13:08+0000","size":45880,"snapshotId":"4b053bc2-171d-4c9e-b1cb-9964a65e9ac3","fileMode":"file","source":"cloud"},{"lastModified":"2018-09-15T07:13:08+0000","size":45880,"snapshotId":"90816113-2be8-443d-954f-ed500605142c","fileMode":"file","source":"cloud"}]},{"path":"C:\\RBMRCFG\\SYSTEM\\Boot\\ko-KR\\memtest.exe.mui","filename":"memtest.exe.mui","fileVersions":[{"lastModified":"2018-09-15T07:13:09+0000","size":43024,"snapshotId":"629b4515-8df2-403e-948e-02496c46338b","fileMode":"file","source":"cloud"},{"lastModified":"2018-09-15T07:13:09+0000","size":43024,"snapshotId":"19831b2c-246d-499c-9be5-8c35a3089a62","fileMode":"file","source":"cloud"},{"lastModified":"2018-09-15T07:13:09+0000","size":43024,"snapshotId":"4b053bc2-171d-4c9e-b1cb-9964a65e9ac3","fileMode":"file","source":"cloud"},{"lastModified":"2018-09-15T07:13:09+0000","size":43024,"snapshotId":"90816113-2be8-443d-954f-ed500605142c","fileMode":"file","source":"cloud"}]},{"path":"C:\\RBMRCFG\\SYSTEM\\Boot\\pt-PT\\memtest.exe.mui","filename":"memtest.exe.mui","fileVersions":[{"lastModified":"2018-09-15T07:13:09+0000","size":45880,"snapshotId":"629b4515-8df2-403e-948e-02496c46338b","fileMode":"file","source":"cloud"},{"lastModified":"2018-09-15T07:13:09+0000","size":45880,"snapshotId":"19831b2c-246d-499c-9be5-8c35a3089a62","fileMode":"file","source":"cloud"},{"lastModified":"2018-09-15T07:13:09+0000","size":45880,"snapshotId":"4b053bc2-171d-4c9e-b1cb-9964a65e9ac3","fileMode":"file","source":"cloud"},{"lastModified":"2018-09-15T07:13:09+0000","size":45880,"snapshotId":"90816113-2be8-443d-954f-ed500605142c","fileMode":"file","source":"cloud"}]},{"path":"C:\\RBMRCFG\\SYSTEM\\Boot\\qps-plocm\\bootmgr.exe.mui","filename":"bootmgr.exe.mui","fileVersions":[{"lastModified":"2023-10-11T08:12:23+0000","size":80256,"snapshotId":"629b4515-8df2-403e-948e-02496c46338b","fileMode":"file","source":"cloud"},{"lastModified":"2023-10-11T08:12:23+0000","size":80256,"snapshotId":"19831b2c-246d-499c-9be5-8c35a3089a62","fileMode":"file","source":"cloud"},{"lastModified":"2023-10-11T08:12:23+0000","size":80256,"snapshotId":"4b053bc2-171d-4c9e-b1cb-9964a65e9ac3","fileMode":"file","source":"cloud"},{"lastModified":"2023-10-11T08:12:23+0000","size":80256,"snapshotId":"90816113-2be8-443d-954f-ed500605142c","fileMode":"file","source":"cloud"}]},{"path":"C:\\RBMRCFG\\SYSTEM\\Boot\\zh-TW\\bootmgr.exe.mui","filename":"bootmgr.exe.mui","fileVersions":[{"lastModified":"2023-08-09T01:58:41+0000","size":65408,"snapshotId":"629b4515-8df2-403e-948e-02496c46338b","fileMode":"file","source":"cloud"},{"lastModified":"2023-08-09T01:58:41+0000","size":65408,"snapshotId":"19831b2c-246d-499c-9be5-8c35a3089a62","fileMode":"file","source":"cloud"},{"lastModified":"2023-08-09T01:58:41+0000","size":65408,"snapshotId":"4b053bc2-171d-4c9e-b1cb-9964a65e9ac3","fileMode":"file","source":"cloud"},{"lastModified":"2023-08-09T01:58:41+0000","size":65408,"snapshotId":"90816113-2be8-443d-954f-ed500605142c","fileMode":"file","source":"cloud"}]},{"path":"C:\\RBMRCFG\\SYSTEM\\Boot\\Fonts\\meiryo_boot.ttf","filename":"meiryo_boot.ttf","fileVersions":[{"lastModified":"2018-09-15T07:12:44+0000","size":145684,"snapshotId":"629b4515-8df2-403e-948e-02496c46338b","fileMode":"file","source":"cloud"},{"lastModified":"2018-09-15T07:12:44+0000","size":145684,"snapshotId":"19831b2c-246d-499c-9be5-8c35a3089a62","fileMode":"file","source":"cloud"},{"lastModified":"2018-09-15T07:12:44+0000","size":145684,"snapshotId":"4b053bc2-171d-4c9e-b1cb-9964a65e9ac3","fileMode":"file","source":"cloud"},{"lastModified":"2018-09-15T07:12:44+0000","size":145684,"snapshotId":"90816113-2be8-443d-954f-ed500605142c","fileMode":"file","source":"cloud"}]},{"path":"C:\\RBMRCFG\\SYSTEM\\Boot\\bg-BG\\bootmgr.exe.mui","filename":"bootmgr.exe.mui","fileVersions":[{"lastModified":"2023-08-09T01:58:41+0000","size":78720,"snapshotId":"629b4515-8df2-403e-948e-02496c46338b","fileMode":"file","source":"cloud"},{"lastModified":"2023-08-09T01:58:41+0000","size":78720,"snapshotId":"19831b2c-246d-499c-9be5-8c35a3089a62","fileMode":"file","source":"cloud"},{"lastModified":"2023-08-09T01:58:41+0000","size":78720,"snapshotId":"4b053bc2-171d-4c9e-b1cb-9964a65e9ac3","fileMode":"file","source":"cloud"},{"lastModified":"2023-08-09T01:58:41+0000","size":78720,"snapshotId":"90816113-2be8-443d-954f-ed500605142c","fileMode":"file","source":"cloud"}]},{"path":"C:\\RBMRCFG\\SYSTEM\\Boot\\en-GB\\bootmgr.exe.mui","filename":"bootmgr.exe.mui","fileVersions":[{"lastModified":"2023-10-11T08:12:20+0000","size":75736,"snapshotId":"629b4515-8df2-403e-948e-02496c46338b","fileMode":"file","source":"cloud"},{"lastModified":"2023-10-11T08:12:20+0000","size":75736,"snapshotId":"19831b2c-246d-499c-9be5-8c35a3089a62","fileMode":"file","source":"cloud"},{"lastModified":"2023-10-11T08:12:20+0000","size":75736,"snapshotId":"4b053bc2-171d-4c9e-b1cb-9964a65e9ac3","fileMode":"file","source":"cloud"},{"lastModified":"2023-10-11T08:12:20+0000","size":75736,"snapshotId":"90816113-2be8-443d-954f-ed500605142c","fileMode":"file","source":"cloud"}]},{"path":"C:\\RBMRCFG\\SYSTEM\\Boot\\memtest.exe","filename":"memtest.exe","fileVersions":[{"lastModified":"2023-10-11T08:12:25+0000","size":998768,"snapshotId":"629b4515-8df2-403e-948e-02496c46338b","fileMode":"file","source":"cloud"},{"lastModified":"2023-10-11T08:12:25+0000","size":998768,"snapshotId":"19831b2c-246d-499c-9be5-8c35a3089a62","fileMode":"file","source":"cloud"},{"lastModified":"2023-10-11T08:12:25+0000","size":998768,"snapshotId":"4b053bc2-171d-4c9e-b1cb-9964a65e9ac3","fileMode":"file","source":"cloud"},{"lastModified":"2023-10-11T08:12:25+0000","size":998768,"snapshotId":"90816113-2be8-443d-954f-ed500605142c","fileMode":"file","source":"cloud"}]},{"path":"C:\\RBMRCFG\\SYSTEM\\Boot\\zh-CN\\bootmgr.exe.mui","filename":"bootmgr.exe.mui","fileVersions":[{"lastModified":"2023-08-09T01:58:37+0000","size":64896,"snapshotId":"629b4515-8df2-403e-948e-02496c46338b","fileMode":"file","source":"cloud"},{"lastModified":"2023-08-09T01:58:37+0000","size":64896,"snapshotId":"19831b2c-246d-499c-9be5-8c35a3089a62","fileMode":"file","source":"cloud"},{"lastModified":"2023-08-09T01:58:37+0000","size":64896,"snapshotId":"4b053bc2-171d-4c9e-b1cb-9964a65e9ac3","fileMode":"file","source":"cloud"},{"lastModified":"2023-08-09T01:58:37+0000","size":64896,"snapshotId":"90816113-2be8-443d-954f-ed500605142c","fileMode":"file","source":"cloud"}]},{"path":"C:\\RBMRCFG\\SYSTEM\\Boot\\ru-RU\\memtest.exe.mui","filename":"memtest.exe.mui","fileVersions":[{"lastModified":"2018-09-15T07:13:09+0000","size":44856,"snapshotId":"629b4515-8df2-403e-948e-02496c46338b","fileMode":"file","source":"cloud"},{"lastModified":"2018-09-15T07:13:09+0000","size":44856,"snapshotId":"19831b2c-246d-499c-9be5-8c35a3089a62","fileMode":"file","source":"cloud"},{"lastModified":"2018-09-15T07:13:09+0000","size":44856,"snapshotId":"4b053bc2-171d-4c9e-b1cb-9964a65e9ac3","fileMode":"file","source":"cloud"},{"lastModified":"2018-09-15T07:13:09+0000","size":44856,"snapshotId":"90816113-2be8-443d-954f-ed500605142c","fileMode":"file","source":"cloud"}]},{"path":"C:\\RBMRCFG\\SYSTEM\\Boot\\BCD.LOG2","filename":"BCD.LOG2","fileVersions":[{"lastModified":"2023-06-13T21:02:59+0000","size":0,"snapshotId":"629b4515-8df2-403e-948e-02496c46338b","fileMode":"file","source":"cloud"},{"lastModified":"2023-06-13T21:02:59+0000","size":0,"snapshotId":"19831b2c-246d-499c-9be5-8c35a3089a62","fileMode":"file","source":"cloud"},{"lastModified":"2023-06-13T21:02:59+0000","size":0,"snapshotId":"4b053bc2-171d-4c9e-b1cb-9964a65e9ac3","fileMode":"file","source":"cloud"},{"lastModified":"2023-06-13T21:02:59+0000","size":0,"snapshotId":"90816113-2be8-443d-954f-ed500605142c","fileMode":"file","source":"cloud"}]},{"path":"C:\\RBMRCFG\\SYSTEM\\Boot\\Resources\\bootres.dll","filename":"bootres.dll","fileVersions":[{"lastModified":"2018-10-29T22:41:40+0000","size":92664,"snapshotId":"629b4515-8df2-403e-948e-02496c46338b","fileMode":"file","source":"cloud"},{"lastModified":"2018-10-29T22:41:40+0000","size":92664,"snapshotId":"19831b2c-246d-499c-9be5-8c35a3089a62","fileMode":"file","source":"cloud"},{"lastModified":"2018-10-29T22:41:40+0000","size":92664,"snapshotId":"4b053bc2-171d-4c9e-b1cb-9964a65e9ac3","fileMode":"file","source":"cloud"},{"lastModified":"2018-10-29T22:41:40+0000","size":92664,"snapshotId":"90816113-2be8-443d-954f-ed500605142c","fileMode":"file","source":"cloud"}]},{"path":"C:\\RBMRCFG\\SYSTEM\\Boot\\Fonts\\msjhn_boot.ttf","filename":"msjhn_boot.ttf","fileVersions":[{"lastModified":"2018-09-15T07:12:44+0000","size":162429,"snapshotId":"629b4515-8df2-403e-948e-02496c46338b","fileMode":"file","source":"cloud"},{"lastModified":"2018-09-15T07:12:44+0000","size":162429,"snapshotId":"19831b2c-246d-499c-9be5-8c35a3089a62","fileMode":"file","source":"cloud"},{"lastModified":"2018-09-15T07:12:44+0000","size":162429,"snapshotId":"4b053bc2-171d-4c9e-b1cb-9964a65e9ac3","fileMode":"file","source":"cloud"},{"lastModified":"2018-09-15T07:12:44+0000","size":162429,"snapshotId":"90816113-2be8-443d-954f-ed500605142c","fileMode":"file","source":"cloud"}]},{"path":"C:\\RBMRCFG\\SYSTEM\\Boot\\Fonts\\wgl4_boot.ttf","filename":"wgl4_boot.ttf","fileVersions":[{"lastModified":"2018-09-15T07:12:23+0000","size":48992,"snapshotId":"629b4515-8df2-403e-948e-02496c46338b","fileMode":"file","source":"cloud"},{"lastModified":"2018-09-15T07:12:23+0000","size":48992,"snapshotId":"19831b2c-246d-499c-9be5-8c35a3089a62","fileMode":"file","source":"cloud"},{"lastModified":"2018-09-15T07:12:23+0000","size":48992,"snapshotId":"4b053bc2-171d-4c9e-b1cb-9964a65e9ac3","fileMode":"file","source":"cloud"},{"lastModified":"2018-09-15T07:12:23+0000","size":48992,"snapshotId":"90816113-2be8-443d-954f-ed500605142c","fileMode":"file","source":"cloud"}]},{"path":"C:\\RBMRCFG\\SYSTEM\\Boot\\cs-CZ\\memtest.exe.mui","filename":"memtest.exe.mui","fileVersions":[{"lastModified":"2018-09-15T07:13:09+0000","size":45576,"snapshotId":"629b4515-8df2-403e-948e-02496c46338b","fileMode":"file","source":"cloud"},{"lastModified":"2018-09-15T07:13:09+0000","size":45576,"snapshotId":"19831b2c-246d-499c-9be5-8c35a3089a62","fileMode":"file","source":"cloud"},{"lastModified":"2018-09-15T07:13:09+0000","size":45576,"snapshotId":"4b053bc2-171d-4c9e-b1cb-9964a65e9ac3","fileMode":"file","source":"cloud"},{"lastModified":"2018-09-15T07:13:09+0000","size":45576,"snapshotId":"90816113-2be8-443d-954f-ed500605142c","fileMode":"file","source":"cloud"}]},{"path":"C:\\RBMRCFG\\SYSTEM\\Boot\\el-GR\\memtest.exe.mui","filename":"memtest.exe.mui","fileVersions":[{"lastModified":"2018-09-15T07:13:08+0000","size":46392,"snapshotId":"629b4515-8df2-403e-948e-02496c46338b","fileMode":"file","source":"cloud"},{"lastModified":"2018-09-15T07:13:08+0000","size":46392,"snapshotId":"19831b2c-246d-499c-9be5-8c35a3089a62","fileMode":"file","source":"cloud"},{"lastModified":"2018-09-15T07:13:08+0000","size":46392,"snapshotId":"4b053bc2-171d-4c9e-b1cb-9964a65e9ac3","fileMode":"file","source":"cloud"},{"lastModified":"2018-09-15T07:13:08+0000","size":46392,"snapshotId":"90816113-2be8-443d-954f-ed500605142c","fileMode":"file","source":"cloud"}]},{"path":"C:\\RBMRCFG\\SYSTEM\\Boot\\nb-NO","filename":"nb-NO","fileVersions":[{"lastModified":"2024-03-27T12:04:15+0000","size":126648,"snapshotId":"629b4515-8df2-403e-948e-02496c46338b","fileMode":"directory","source":"cloud"},{"lastModified":"2024-05-03T10:55:21+0000","size":126648,"snapshotId":"19831b2c-246d-499c-9be5-8c35a3089a62","fileMode":"directory","source":"cloud"},{"lastModified":"2024-06-22T18:49:51+0000","size":126648,"snapshotId":"4b053bc2-171d-4c9e-b1cb-9964a65e9ac3","fileMode":"directory","source":"cloud"},{"lastModified":"2024-06-14T10:39:04+0000","size":126648,"snapshotId":"90816113-2be8-443d-954f-ed500605142c","fileMode":"directory","source":"cloud"}]},{"path":"C:\\RBMRCFG\\SYSTEM\\Boot\\ru-RU\\bootmgr.exe.mui","filename":"bootmgr.exe.mui","fileVersions":[{"lastModified":"2023-08-09T01:58:34+0000","size":78208,"snapshotId":"629b4515-8df2-403e-948e-02496c46338b","fileMode":"file","source":"cloud"},{"lastModified":"2023-08-09T01:58:34+0000","size":78208,"snapshotId":"19831b2c-246d-499c-9be5-8c35a3089a62","fileMode":"file","source":"cloud"},{"lastModified":"2023-08-09T01:58:34+0000","size":78208,"snapshotId":"4b053bc2-171d-4c9e-b1cb-9964a65e9ac3","fileMode":"file","source":"cloud"},{"lastModified":"2023-08-09T01:58:34+0000","size":78208,"snapshotId":"90816113-2be8-443d-954f-ed500605142c","fileMode":"file","source":"cloud"}]},{"path":"C:\\RBMRCFG\\SYSTEM\\Boot\\lv-LV","filename":"lv-LV","fileVersions":[{"lastModified":"2024-03-27T12:04:15+0000","size":81280,"snapshotId":"629b4515-8df2-403e-948e-02496c46338b","fileMode":"directory","source":"cloud"},{"lastModified":"2024-05-03T10:55:21+0000","size":81280,"snapshotId":"19831b2c-246d-499c-9be5-8c35a3089a62","fileMode":"directory","source":"cloud"},{"lastModified":"2024-06-22T18:49:51+0000","size":81280,"snapshotId":"4b053bc2-171d-4c9e-b1cb-9964a65e9ac3","fileMode":"directory","source":"cloud"},{"lastModified":"2024-06-14T10:39:04+0000","size":81280,"snapshotId":"90816113-2be8-443d-954f-ed500605142c","fileMode":"directory","source":"cloud"}]},{"path":"C:\\RBMRCFG\\SYSTEM\\Boot\\BCD","filename":"BCD","fileVersions":[{"lastModified":"2024-03-27T12:04:15+0000","size":24576,"snapshotId":"629b4515-8df2-403e-948e-02496c46338b","fileMode":"file","source":"cloud"},{"lastModified":"2024-05-03T10:55:20+0000","size":24576,"snapshotId":"19831b2c-246d-499c-9be5-8c35a3089a62","fileMode":"file","source":"cloud"},{"lastModified":"2024-06-22T18:49:51+0000","size":24576,"snapshotId":"4b053bc2-171d-4c9e-b1cb-9964a65e9ac3","fileMode":"file","source":"cloud"},{"lastModified":"2024-06-14T10:39:03+0000","size":24576,"snapshotId":"90816113-2be8-443d-954f-ed500605142c","fileMode":"file","source":"cloud"}]},{"path":"C:\\RBMRCFG\\SYSTEM\\Boot\\fr-CA\\bootmgr.exe.mui","filename":"bootmgr.exe.mui","fileVersions":[{"lastModified":"2023-08-09T01:58:35+0000","size":80256,"snapshotId":"629b4515-8df2-403e-948e-02496c46338b","fileMode":"file","source":"cloud"},{"lastModified":"2023-08-09T01:58:35+0000","size":80256,"snapshotId":"19831b2c-246d-499c-9be5-8c35a3089a62","fileMode":"file","source":"cloud"},{"lastModified":"2023-08-09T01:58:35+0000","size":80256,"snapshotId":"4b053bc2-171d-4c9e-b1cb-9964a65e9ac3","fileMode":"file","source":"cloud"},{"lastModified":"2023-08-09T01:58:35+0000","size":80256,"snapshotId":"90816113-2be8-443d-954f-ed500605142c","fileMode":"file","source":"cloud"}]},{"path":"C:\\RBMRCFG\\SYSTEM\\Boot\\ja-JP\\memtest.exe.mui","filename":"memtest.exe.mui","fileVersions":[{"lastModified":"2018-09-15T07:13:09+0000","size":43040,"snapshotId":"629b4515-8df2-403e-948e-02496c46338b","fileMode":"file","source":"cloud"},{"lastModified":"2018-09-15T07:13:09+0000","size":43040,"snapshotId":"19831b2c-246d-499c-9be5-8c35a3089a62","fileMode":"file","source":"cloud"},{"lastModified":"2018-09-15T07:13:09+0000","size":43040,"snapshotId":"4b053bc2-171d-4c9e-b1cb-9964a65e9ac3","fileMode":"file","source":"cloud"},{"lastModified":"2018-09-15T07:13:09+0000","size":43040,"snapshotId":"90816113-2be8-443d-954f-ed500605142c","fileMode":"file","source":"cloud"}]},{"path":"C:\\RBMRCFG\\SYSTEM\\Boot\\da-DK\\memtest.exe.mui","filename":"memtest.exe.mui","fileVersions":[{"lastModified":"2018-09-15T07:13:08+0000","size":45584,"snapshotId":"629b4515-8df2-403e-948e-02496c46338b","fileMode":"file","source":"cloud"},{"lastModified":"2018-09-15T07:13:08+0000","size":45584,"snapshotId":"19831b2c-246d-499c-9be5-8c35a3089a62","fileMode":"file","source":"cloud"},{"lastModified":"2018-09-15T07:13:08+0000","size":45584,"snapshotId":"4b053bc2-171d-4c9e-b1cb-9964a65e9ac3","fileMode":"file","source":"cloud"},{"lastModified":"2018-09-15T07:13:08+0000","size":45584,"snapshotId":"90816113-2be8-443d-954f-ed500605142c","fileMode":"file","source":"cloud"}]},{"path":"C:\\RBMRCFG\\SYSTEM\\Boot\\lv-LV\\bootmgr.exe.mui","filename":"bootmgr.exe.mui","fileVersions":[{"lastModified":"2023-08-09T01:58:34+0000","size":77184,"snapshotId":"629b4515-8df2-403e-948e-02496c46338b","fileMode":"file","source":"cloud"},{"lastModified":"2023-08-09T01:58:34+0000","size":77184,"snapshotId":"19831b2c-246d-499c-9be5-8c35a3089a62","fileMode":"file","source":"cloud"},{"lastModified":"2023-08-09T01:58:34+0000","size":77184,"snapshotId":"4b053bc2-171d-4c9e-b1cb-9964a65e9ac3","fileMode":"file","source":"cloud"},{"lastModified":"2023-08-09T01:58:34+0000","size":77184,"snapshotId":"90816113-2be8-443d-954f-ed500605142c","fileMode":"file","source":"cloud"}]},{"path":"C:\\RBMRCFG\\SYSTEM\\Boot\\zh-CN","filename":"zh-CN","fileVersions":[{"lastModified":"2024-03-27T12:04:15+0000","size":111288,"snapshotId":"629b4515-8df2-403e-948e-02496c46338b","fileMode":"directory","source":"cloud"},{"lastModified":"2024-05-03T10:55:21+0000","size":111288,"snapshotId":"19831b2c-246d-499c-9be5-8c35a3089a62","fileMode":"directory","source":"cloud"},{"lastModified":"2024-06-22T18:49:51+0000","size":111288,"snapshotId":"4b053bc2-171d-4c9e-b1cb-9964a65e9ac3","fileMode":"directory","source":"cloud"},{"lastModified":"2024-06-14T10:39:05+0000","size":111288,"snapshotId":"90816113-2be8-443d-954f-ed500605142c","fileMode":"directory","source":"cloud"}]},{"path":"C:\\RBMRCFG\\HLInfo","filename":"HLInfo","fileVersions":[{"lastModified":"2024-03-27T12:30:15+0000","size":1102980,"snapshotId":"629b4515-8df2-403e-948e-02496c46338b","fileMode":"file","source":"cloud"}]},{"path":"C:\\RBMRCFG\\SYSTEM\\Boot\\nb-NO\\memtest.exe.mui","filename":"memtest.exe.mui","fileVersions":[{"lastModified":"2018-09-15T07:13:09+0000","size":45368,"snapshotId":"629b4515-8df2-403e-948e-02496c46338b","fileMode":"file","source":"cloud"},{"lastModified":"2018-09-15T07:13:09+0000","size":45368,"snapshotId":"19831b2c-246d-499c-9be5-8c35a3089a62","fileMode":"file","source":"cloud"},{"lastModified":"2018-09-15T07:13:09+0000","size":45368,"snapshotId":"4b053bc2-171d-4c9e-b1cb-9964a65e9ac3","fileMode":"file","source":"cloud"},{"lastModified":"2018-09-15T07:13:09+0000","size":45368,"snapshotId":"90816113-2be8-443d-954f-ed500605142c","fileMode":"file","source":"cloud"}]},{"path":"C:\\RBMRCFG\\SYSTEM\\Boot\\Fonts\\kor_boot.ttf","filename":"kor_boot.ttf","fileVersions":[{"lastModified":"2018-09-15T07:12:44+0000","size":2373097,"snapshotId":"629b4515-8df2-403e-948e-02496c46338b","fileMode":"file","source":"cloud"},{"lastModified":"2018-09-15T07:12:44+0000","size":2373097,"snapshotId":"19831b2c-246d-499c-9be5-8c35a3089a62","fileMode":"file","source":"cloud"},{"lastModified":"2018-09-15T07:12:44+0000","size":2373097,"snapshotId":"4b053bc2-171d-4c9e-b1cb-9964a65e9ac3","fileMode":"file","source":"cloud"},{"lastModified":"2018-09-15T07:12:44+0000","size":2373097,"snapshotId":"90816113-2be8-443d-954f-ed500605142c","fileMode":"file","source":"cloud"}]},{"path":"C:\\RBMRCFG\\SYSTEM\\Boot\\it-IT\\bootmgr.exe.mui","filename":"bootmgr.exe.mui","fileVersions":[{"lastModified":"2023-08-09T01:58:37+0000","size":78208,"snapshotId":"629b4515-8df2-403e-948e-02496c46338b","fileMode":"file","source":"cloud"},{"lastModified":"2023-08-09T01:58:37+0000","size":78208,"snapshotId":"19831b2c-246d-499c-9be5-8c35a3089a62","fileMode":"file","source":"cloud"},{"lastModified":"2023-08-09T01:58:37+0000","size":78208,"snapshotId":"4b053bc2-171d-4c9e-b1cb-9964a65e9ac3","fileMode":"file","source":"cloud"},{"lastModified":"2023-08-09T01:58:37+0000","size":78208,"snapshotId":"90816113-2be8-443d-954f-ed500605142c","fileMode":"file","source":"cloud"}]},{"path":"C:\\RBMRCFG\\SYSTEM\\Boot\\Fonts\\cht_boot.ttf","filename":"cht_boot.ttf","fileVersions":[{"lastModified":"2018-09-15T07:12:44+0000","size":3878509,"snapshotId":"629b4515-8df2-403e-948e-02496c46338b","fileMode":"file","source":"cloud"},{"lastModified":"2018-09-15T07:12:44+0000","size":3878509,"snapshotId":"19831b2c-246d-499c-9be5-8c35a3089a62","fileMode":"file","source":"cloud"},{"lastModified":"2018-09-15T07:12:44+0000","size":3878509,"snapshotId":"4b053bc2-171d-4c9e-b1cb-9964a65e9ac3","fileMode":"file","source":"cloud"},{"lastModified":"2018-09-15T07:12:44+0000","size":3878509,"snapshotId":"90816113-2be8-443d-954f-ed500605142c","fileMode":"file","source":"cloud"}]},{"path":"C:\\RBMRCFG\\SYSTEM\\Boot\\Fonts\\msyh_boot.ttf","filename":"msyh_boot.ttf","fileVersions":[{"lastModified":"2018-09-15T07:12:44+0000","size":157260,"snapshotId":"629b4515-8df2-403e-948e-02496c46338b","fileMode":"file","source":"cloud"},{"lastModified":"2018-09-15T07:12:44+0000","size":157260,"snapshotId":"19831b2c-246d-499c-9be5-8c35a3089a62","fileMode":"file","source":"cloud"},{"lastModified":"2018-09-15T07:12:44+0000","size":157260,"snapshotId":"4b053bc2-171d-4c9e-b1cb-9964a65e9ac3","fileMode":"file","source":"cloud"},{"lastModified":"2018-09-15T07:12:44+0000","size":157260,"snapshotId":"90816113-2be8-443d-954f-ed500605142c","fileMode":"file","source":"cloud"}]},{"path":"C:\\RBMRCFG\\SYSTEM\\Boot\\it-IT","filename":"it-IT","fileVersions":[{"lastModified":"2024-03-27T12:04:15+0000","size":127672,"snapshotId":"629b4515-8df2-403e-948e-02496c46338b","fileMode":"directory","source":"cloud"},{"lastModified":"2024-05-03T10:55:21+0000","size":127672,"snapshotId":"19831b2c-246d-499c-9be5-8c35a3089a62","fileMode":"directory","source":"cloud"},{"lastModified":"2024-06-22T18:49:51+0000","size":127672,"snapshotId":"4b053bc2-171d-4c9e-b1cb-9964a65e9ac3","fileMode":"directory","source":"cloud"},{"lastModified":"2024-06-14T10:39:04+0000","size":127672,"snapshotId":"90816113-2be8-443d-954f-ed500605142c","fileMode":"directory","source":"cloud"}]},{"path":"C:\\RBMRCFG\\SYSTEM\\Boot\\es-ES","filename":"es-ES","fileVersions":[{"lastModified":"2024-03-27T12:04:15+0000","size":128680,"snapshotId":"629b4515-8df2-403e-948e-02496c46338b","fileMode":"directory","source":"cloud"},{"lastModified":"2024-05-03T10:55:20+0000","size":128680,"snapshotId":"19831b2c-246d-499c-9be5-8c35a3089a62","fileMode":"directory","source":"cloud"},{"lastModified":"2024-06-22T18:49:51+0000","size":128680,"snapshotId":"4b053bc2-171d-4c9e-b1cb-9964a65e9ac3","fileMode":"directory","source":"cloud"},{"lastModified":"2024-06-14T10:39:04+0000","size":128680,"snapshotId":"90816113-2be8-443d-954f-ed500605142c","fileMode":"directory","source":"cloud"}]},{"path":"C:\\RBMRCFG\\SYSTEM\\Boot\\es-MX","filename":"es-MX","fileVersions":[{"lastModified":"2024-03-27T12:04:15+0000","size":82816,"snapshotId":"629b4515-8df2-403e-948e-02496c46338b","fileMode":"directory","source":"cloud"},{"lastModified":"2024-05-03T10:55:20+0000","size":82816,"snapshotId":"19831b2c-246d-499c-9be5-8c35a3089a62","fileMode":"directory","source":"cloud"},{"lastModified":"2024-06-22T18:49:51+0000","size":82816,"snapshotId":"4b053bc2-171d-4c9e-b1cb-9964a65e9ac3","fileMode":"directory","source":"cloud"},{"lastModified":"2024-06-14T10:39:04+0000","size":82816,"snapshotId":"90816113-2be8-443d-954f-ed500605142c","fileMode":"directory","source":"cloud"}]},{"path":"C:\\RBMRCFG\\SYSTEM\\Boot\\pl-PL","filename":"pl-PL","fileVersions":[{"lastModified":"2024-03-27T12:04:15+0000","size":129192,"snapshotId":"629b4515-8df2-403e-948e-02496c46338b","fileMode":"directory","source":"cloud"},{"lastModified":"2024-05-03T10:55:21+0000","size":129192,"snapshotId":"19831b2c-246d-499c-9be5-8c35a3089a62","fileMode":"directory","source":"cloud"},{"lastModified":"2024-06-22T18:49:51+0000","size":129192,"snapshotId":"4b053bc2-171d-4c9e-b1cb-9964a65e9ac3","fileMode":"directory","source":"cloud"},{"lastModified":"2024-06-14T10:39:04+0000","size":129192,"snapshotId":"90816113-2be8-443d-954f-ed500605142c","fileMode":"directory","source":"cloud"}]},{"path":"C:\\RBMRCFG\\SYSTEM\\Boot\\en-GB","filename":"en-GB","fileVersions":[{"lastModified":"2024-03-27T12:04:15+0000","size":79832,"snapshotId":"629b4515-8df2-403e-948e-02496c46338b","fileMode":"directory","source":"cloud"},{"lastModified":"2024-05-03T10:55:20+0000","size":79832,"snapshotId":"19831b2c-246d-499c-9be5-8c35a3089a62","fileMode":"directory","source":"cloud"},{"lastModified":"2024-06-22T18:49:51+0000","size":79832,"snapshotId":"4b053bc2-171d-4c9e-b1cb-9964a65e9ac3","fileMode":"directory","source":"cloud"},{"lastModified":"2024-06-14T10:39:03+0000","size":79832,"snapshotId":"90816113-2be8-443d-954f-ed500605142c","fileMode":"directory","source":"cloud"}]},{"path":"C:\\RBMRCFG\\SYSTEM\\Boot\\et-EE\\bootmgr.exe.mui","filename":"bootmgr.exe.mui","fileVersions":[{"lastModified":"2023-08-09T01:58:40+0000","size":76672,"snapshotId":"629b4515-8df2-403e-948e-02496c46338b","fileMode":"file","source":"cloud"},{"lastModified":"2023-08-09T01:58:40+0000","size":76672,"snapshotId":"19831b2c-246d-499c-9be5-8c35a3089a62","fileMode":"file","source":"cloud"},{"lastModified":"2023-08-09T01:58:40+0000","size":76672,"snapshotId":"4b053bc2-171d-4c9e-b1cb-9964a65e9ac3","fileMode":"file","source":"cloud"},{"lastModified":"2023-08-09T01:58:40+0000","size":76672,"snapshotId":"90816113-2be8-443d-954f-ed500605142c","fileMode":"file","source":"cloud"}]},{"path":"C:\\RBMRCFG\\SYSTEM\\Boot\\fr-CA","filename":"fr-CA","fileVersions":[{"lastModified":"2024-03-27T12:04:15+0000","size":84352,"snapshotId":"629b4515-8df2-403e-948e-02496c46338b","fileMode":"directory","source":"cloud"},{"lastModified":"2024-05-03T10:55:21+0000","size":84352,"snapshotId":"19831b2c-246d-499c-9be5-8c35a3089a62","fileMode":"directory","source":"cloud"},{"lastModified":"2024-06-22T18:49:51+0000","size":84352,"snapshotId":"4b053bc2-171d-4c9e-b1cb-9964a65e9ac3","fileMode":"directory","source":"cloud"},{"lastModified":"2024-06-14T10:39:04+0000","size":84352,"snapshotId":"90816113-2be8-443d-954f-ed500605142c","fileMode":"directory","source":"cloud"}]},{"path":"C:\\RBMRCFG\\SYSTEM\\Boot\\es-ES\\memtest.exe.mui","filename":"memtest.exe.mui","fileVersions":[{"lastModified":"2018-09-15T07:13:08+0000","size":45880,"snapshotId":"629b4515-8df2-403e-948e-02496c46338b","fileMode":"file","source":"cloud"},{"lastModified":"2018-09-15T07:13:08+0000","size":45880,"snapshotId":"19831b2c-246d-499c-9be5-8c35a3089a62","fileMode":"file","source":"cloud"},{"lastModified":"2018-09-15T07:13:08+0000","size":45880,"snapshotId":"4b053bc2-171d-4c9e-b1cb-9964a65e9ac3","fileMode":"file","source":"cloud"},{"lastModified":"2018-09-15T07:13:08+0000","size":45880,"snapshotId":"90816113-2be8-443d-954f-ed500605142c","fileMode":"file","source":"cloud"}]},{"path":"C:\\RBMRCFG\\SYSTEM\\Boot","filename":"Boot","fileVersions":[{"lastModified":"2024-03-27T12:04:15+0000","size":19317703,"snapshotId":"629b4515-8df2-403e-948e-02496c46338b","fileMode":"directory","source":"cloud"},{"lastModified":"2024-05-03T10:55:21+0000","size":19317703,"snapshotId":"19831b2c-246d-499c-9be5-8c35a3089a62","fileMode":"directory","source":"cloud"},{"lastModified":"2024-06-22T18:49:51+0000","size":19317703,"snapshotId":"4b053bc2-171d-4c9e-b1cb-9964a65e9ac3","fileMode":"directory","source":"cloud"},{"lastModified":"2024-06-14T10:39:05+0000","size":19317703,"snapshotId":"90816113-2be8-443d-954f-ed500605142c","fileMode":"directory","source":"cloud"}]},{"path":"C:\\RBMRCFG\\SYSTEM\\Boot\\Fonts\\jpn_boot.ttf","filename":"jpn_boot.ttf","fileVersions":[{"lastModified":"2018-09-15T07:12:44+0000","size":1985965,"snapshotId":"629b4515-8df2-403e-948e-02496c46338b","fileMode":"file","source":"cloud"},{"lastModified":"2018-09-15T07:12:44+0000","size":1985965,"snapshotId":"19831b2c-246d-499c-9be5-8c35a3089a62","fileMode":"file","source":"cloud"},{"lastModified":"2018-09-15T07:12:44+0000","size":1985965,"snapshotId":"4b053bc2-171d-4c9e-b1cb-9964a65e9ac3","fileMode":"file","source":"cloud"},{"lastModified":"2018-09-15T07:12:44+0000","size":1985965,"snapshotId":"90816113-2be8-443d-954f-ed500605142c","fileMode":"file","source":"cloud"}]},{"path":"C:\\RBMRCFG\\SYSTEM\\Boot\\BCD.LOG","filename":"BCD.LOG","fileVersions":[{"lastModified":"2023-06-13T21:02:59+0000","size":32768,"snapshotId":"629b4515-8df2-403e-948e-02496c46338b","fileMode":"file","source":"cloud"},{"lastModified":"2023-06-13T21:02:59+0000","size":32768,"snapshotId":"19831b2c-246d-499c-9be5-8c35a3089a62","fileMode":"file","source":"cloud"},{"lastModified":"2023-06-13T21:02:59+0000","size":32768,"snapshotId":"4b053bc2-171d-4c9e-b1cb-9964a65e9ac3","fileMode":"file","source":"cloud"},{"lastModified":"2023-06-13T21:02:59+0000","size":32768,"snapshotId":"90816113-2be8-443d-954f-ed500605142c","fileMode":"file","source":"cloud"}]},{"path":"C:\\RBMRCFG\\SYSTEM\\Boot\\de-DE\\bootmgr.exe.mui","filename":"bootmgr.exe.mui","fileVersions":[{"lastModified":"2023-08-09T01:58:31+0000","size":80768,"snapshotId":"629b4515-8df2-403e-948e-02496c46338b","fileMode":"file","source":"cloud"},{"lastModified":"2023-08-09T01:58:31+0000","size":80768,"snapshotId":"19831b2c-246d-499c-9be5-8c35a3089a62","fileMode":"file","source":"cloud"},{"lastModified":"2023-08-09T01:58:31+0000","size":80768,"snapshotId":"4b053bc2-171d-4c9e-b1cb-9964a65e9ac3","fileMode":"file","source":"cloud"},{"lastModified":"2023-08-09T01:58:31+0000","size":80768,"snapshotId":"90816113-2be8-443d-954f-ed500605142c","fileMode":"file","source":"cloud"}]},{"path":"C:\\RBMRCFG\\SYSTEM\\Boot\\Fonts\\segoen_slboot.ttf","filename":"segoen_slboot.ttf","fileVersions":[{"lastModified":"2018-09-15T07:12:23+0000","size":85961,"snapshotId":"629b4515-8df2-403e-948e-02496c46338b","fileMode":"file","source":"cloud"},{"lastModified":"2018-09-15T07:12:23+0000","size":85961,"snapshotId":"19831b2c-246d-499c-9be5-8c35a3089a62","fileMode":"file","source":"cloud"},{"lastModified":"2018-09-15T07:12:23+0000","size":85961,"snapshotId":"4b053bc2-171d-4c9e-b1cb-9964a65e9ac3","fileMode":"file","source":"cloud"},{"lastModified":"2018-09-15T07:12:23+0000","size":85961,"snapshotId":"90816113-2be8-443d-954f-ed500605142c","fileMode":"file","source":"cloud"}]},{"path":"C:\\RBMRCFG\\SYSTEM\\Boot\\pl-PL\\memtest.exe.mui","filename":"memtest.exe.mui","fileVersions":[{"lastModified":"2018-09-15T07:13:09+0000","size":45880,"snapshotId":"629b4515-8df2-403e-948e-02496c46338b","fileMode":"file","source":"cloud"},{"lastModified":"2018-09-15T07:13:09+0000","size":45880,"snapshotId":"19831b2c-246d-499c-9be5-8c35a3089a62","fileMode":"file","source":"cloud"},{"lastModified":"2018-09-15T07:13:09+0000","size":45880,"snapshotId":"4b053bc2-171d-4c9e-b1cb-9964a65e9ac3","fileMode":"file","source":"cloud"},{"lastModified":"2018-09-15T07:13:09+0000","size":45880,"snapshotId":"90816113-2be8-443d-954f-ed500605142c","fileMode":"file","source":"cloud"}]},{"path":"C:\\RBMRCFG\\SYSTEM\\Boot\\lt-LT","filename":"lt-LT","fileVersions":[{"lastModified":"2024-03-27T12:04:15+0000","size":81280,"snapshotId":"629b4515-8df2-403e-948e-02496c46338b","fileMode":"directory","source":"cloud"},{"lastModified":"2024-05-03T10:55:21+0000","size":81280,"snapshotId":"19831b2c-246d-499c-9be5-8c35a3089a62","fileMode":"directory","source":"cloud"},{"lastModified":"2024-06-22T18:49:51+0000","size":81280,"snapshotId":"4b053bc2-171d-4c9e-b1cb-9964a65e9ac3","fileMode":"directory","source":"cloud"},{"lastModified":"2024-06-14T10:39:04+0000","size":81280,"snapshotId":"90816113-2be8-443d-954f-ed500605142c","fileMode":"directory","source":"cloud"}]},{"path":"C:\\RBMRCFG\\SYSTEM\\Boot\\de-DE","filename":"de-DE","fileVersions":[{"lastModified":"2024-03-27T12:04:15+0000","size":130960,"snapshotId":"629b4515-8df2-403e-948e-02496c46338b","fileMode":"directory","source":"cloud"},{"lastModified":"2024-05-03T10:55:20+0000","size":130960,"snapshotId":"19831b2c-246d-499c-9be5-8c35a3089a62","fileMode":"directory","source":"cloud"},{"lastModified":"2024-06-22T18:49:51+0000","size":130960,"snapshotId":"4b053bc2-171d-4c9e-b1cb-9964a65e9ac3","fileMode":"directory","source":"cloud"},{"lastModified":"2024-06-14T10:39:03+0000","size":130960,"snapshotId":"90816113-2be8-443d-954f-ed500605142c","fileMode":"directory","source":"cloud"}]},{"path":"C:\\RBMRCFG\\SYSTEM\\Boot\\sv-SE\\bootmgr.exe.mui","filename":"bootmgr.exe.mui","fileVersions":[{"lastModified":"2023-08-09T01:58:36+0000","size":77696,"snapshotId":"629b4515-8df2-403e-948e-02496c46338b","fileMode":"file","source":"cloud"},{"lastModified":"2023-08-09T01:58:36+0000","size":77696,"snapshotId":"19831b2c-246d-499c-9be5-8c35a3089a62","fileMode":"file","source":"cloud"},{"lastModified":"2023-08-09T01:58:36+0000","size":77696,"snapshotId":"4b053bc2-171d-4c9e-b1cb-9964a65e9ac3","fileMode":"file","source":"cloud"},{"lastModified":"2023-08-09T01:58:36+0000","size":77696,"snapshotId":"90816113-2be8-443d-954f-ed500605142c","fileMode":"file","source":"cloud"}]},{"path":"C:\\RBMRCFG\\SYSTEM\\Boot\\ro-RO","filename":"ro-RO","fileVersions":[{"lastModified":"2024-03-27T12:04:15+0000","size":81792,"snapshotId":"629b4515-8df2-403e-948e-02496c46338b","fileMode":"directory","source":"cloud"},{"lastModified":"2024-05-03T10:55:21+0000","size":81792,"snapshotId":"19831b2c-246d-499c-9be5-8c35a3089a62","fileMode":"directory","source":"cloud"},{"lastModified":"2024-06-22T18:49:51+0000","size":81792,"snapshotId":"4b053bc2-171d-4c9e-b1cb-9964a65e9ac3","fileMode":"directory","source":"cloud"},{"lastModified":"2024-06-14T10:39:05+0000","size":81792,"snapshotId":"90816113-2be8-443d-954f-ed500605142c","fileMode":"directory","source":"cloud"}]},{"path":"C:\\RBMRCFG\\SYSTEM\\Boot\\en-US\\memtest.exe.mui","filename":"memtest.exe.mui","fileVersions":[{"lastModified":"2018-09-15T07:13:08+0000","size":45072,"snapshotId":"629b4515-8df2-403e-948e-02496c46338b","fileMode":"file","source":"cloud"},{"lastModified":"2018-09-15T07:13:08+0000","size":45072,"snapshotId":"19831b2c-246d-499c-9be5-8c35a3089a62","fileMode":"file","source":"cloud"},{"lastModified":"2018-09-15T07:13:08+0000","size":45072,"snapshotId":"4b053bc2-171d-4c9e-b1cb-9964a65e9ac3","fileMode":"file","source":"cloud"},{"lastModified":"2018-09-15T07:13:08+0000","size":45072,"snapshotId":"90816113-2be8-443d-954f-ed500605142c","fileMode":"file","source":"cloud"}]},{"path":"C:\\RBMRCFG\\SYSTEM\\Boot\\ru-RU","filename":"ru-RU","fileVersions":[{"lastModified":"2024-03-27T12:04:15+0000","size":127160,"snapshotId":"629b4515-8df2-403e-948e-02496c46338b","fileMode":"directory","source":"cloud"},{"lastModified":"2024-05-03T10:55:21+0000","size":127160,"snapshotId":"19831b2c-246d-499c-9be5-8c35a3089a62","fileMode":"directory","source":"cloud"},{"lastModified":"2024-06-22T18:49:51+0000","size":127160,"snapshotId":"4b053bc2-171d-4c9e-b1cb-9964a65e9ac3","fileMode":"directory","source":"cloud"},{"lastModified":"2024-06-14T10:39:05+0000","size":127160,"snapshotId":"90816113-2be8-443d-954f-ed500605142c","fileMode":"directory","source":"cloud"}]},{"path":"C:\\RBMRCFG\\SYSTEM\\Boot\\qps-ploc\\memtest.exe.mui","filename":"memtest.exe.mui","fileVersions":[{"lastModified":"2018-10-29T22:41:41+0000","size":54072,"snapshotId":"629b4515-8df2-403e-948e-02496c46338b","fileMode":"file","source":"cloud"},{"lastModified":"2018-10-29T22:41:41+0000","size":54072,"snapshotId":"19831b2c-246d-499c-9be5-8c35a3089a62","fileMode":"file","source":"cloud"},{"lastModified":"2018-10-29T22:41:41+0000","size":54072,"snapshotId":"4b053bc2-171d-4c9e-b1cb-9964a65e9ac3","fileMode":"file","source":"cloud"},{"lastModified":"2018-10-29T22:41:41+0000","size":54072,"snapshotId":"90816113-2be8-443d-954f-ed500605142c","fileMode":"file","source":"cloud"}]},{"path":"C:\\RBMRCFG\\SYSTEM\\Boot\\el-GR","filename":"el-GR","fileVersions":[{"lastModified":"2024-03-27T12:04:15+0000","size":131752,"snapshotId":"629b4515-8df2-403e-948e-02496c46338b","fileMode":"directory","source":"cloud"},{"lastModified":"2024-05-03T10:55:20+0000","size":131752,"snapshotId":"19831b2c-246d-499c-9be5-8c35a3089a62","fileMode":"directory","source":"cloud"},{"lastModified":"2024-06-22T18:49:51+0000","size":131752,"snapshotId":"4b053bc2-171d-4c9e-b1cb-9964a65e9ac3","fileMode":"directory","source":"cloud"},{"lastModified":"2024-06-14T10:39:03+0000","size":131752,"snapshotId":"90816113-2be8-443d-954f-ed500605142c","fileMode":"directory","source":"cloud"}]},{"path":"C:\\RBMRCFG\\SYSTEM\\Boot\\zh-CN\\memtest.exe.mui","filename":"memtest.exe.mui","fileVersions":[{"lastModified":"2018-09-15T07:13:09+0000","size":42296,"snapshotId":"629b4515-8df2-403e-948e-02496c46338b","fileMode":"file","source":"cloud"},{"lastModified":"2018-09-15T07:13:09+0000","size":42296,"snapshotId":"19831b2c-246d-499c-9be5-8c35a3089a62","fileMode":"file","source":"cloud"},{"lastModified":"2018-09-15T07:13:09+0000","size":42296,"snapshotId":"4b053bc2-171d-4c9e-b1cb-9964a65e9ac3","fileMode":"file","source":"cloud"},{"lastModified":"2018-09-15T07:13:09+0000","size":42296,"snapshotId":"90816113-2be8-443d-954f-ed500605142c","fileMode":"file","source":"cloud"}]},{"path":"C:\\RBMRCFG\\SYSTEM\\Boot\\et-EE","filename":"et-EE","fileVersions":[{"lastModified":"2024-03-27T12:04:15+0000","size":80768,"snapshotId":"629b4515-8df2-403e-948e-02496c46338b","fileMode":"directory","source":"cloud"},{"lastModified":"2024-05-03T10:55:20+0000","size":80768,"snapshotId":"19831b2c-246d-499c-9be5-8c35a3089a62","fileMode":"directory","source":"cloud"},{"lastModified":"2024-06-22T18:49:51+0000","size":80768,"snapshotId":"4b053bc2-171d-4c9e-b1cb-9964a65e9ac3","fileMode":"directory","source":"cloud"},{"lastModified":"2024-06-14T10:39:04+0000","size":80768,"snapshotId":"90816113-2be8-443d-954f-ed500605142c","fileMode":"directory","source":"cloud"}]},{"path":"C:\\RBMRCFG\\SYSTEM\\Boot\\pt-BR\\bootmgr.exe.mui","filename":"bootmgr.exe.mui","fileVersions":[{"lastModified":"2023-08-09T01:58:48+0000","size":78208,"snapshotId":"629b4515-8df2-403e-948e-02496c46338b","fileMode":"file","source":"cloud"},{"lastModified":"2023-08-09T01:58:48+0000","size":78208,"snapshotId":"19831b2c-246d-499c-9be5-8c35a3089a62","fileMode":"file","source":"cloud"},{"lastModified":"2023-08-09T01:58:48+0000","size":78208,"snapshotId":"4b053bc2-171d-4c9e-b1cb-9964a65e9ac3","fileMode":"file","source":"cloud"},{"lastModified":"2023-08-09T01:58:48+0000","size":78208,"snapshotId":"90816113-2be8-443d-954f-ed500605142c","fileMode":"file","source":"cloud"}]},{"path":"C:\\RBMRCFG\\StorageSpace.json","filename":"StorageSpace.json","fileVersions":[{"lastModified":"2024-03-27T12:04:13+0000","size":20589,"snapshotId":"629b4515-8df2-403e-948e-02496c46338b","fileMode":"file","source":"cloud"},{"lastModified":"2024-05-03T10:55:18+0000","size":20587,"snapshotId":"19831b2c-246d-499c-9be5-8c35a3089a62","fileMode":"file","source":"cloud"},{"lastModified":"2024-06-22T18:49:50+0000","size":20499,"snapshotId":"4b053bc2-171d-4c9e-b1cb-9964a65e9ac3","fileMode":"file","source":"cloud"}]},{"path":"C:\\RBMRCFG\\SYSTEM\\Boot\\hu-HU\\memtest.exe.mui","filename":"memtest.exe.mui","fileVersions":[{"lastModified":"2018-09-15T07:13:09+0000","size":45880,"snapshotId":"629b4515-8df2-403e-948e-02496c46338b","fileMode":"file","source":"cloud"},{"lastModified":"2018-09-15T07:13:09+0000","size":45880,"snapshotId":"19831b2c-246d-499c-9be5-8c35a3089a62","fileMode":"file","source":"cloud"},{"lastModified":"2018-09-15T07:13:09+0000","size":45880,"snapshotId":"4b053bc2-171d-4c9e-b1cb-9964a65e9ac3","fileMode":"file","source":"cloud"},{"lastModified":"2018-09-15T07:13:09+0000","size":45880,"snapshotId":"90816113-2be8-443d-954f-ed500605142c","fileMode":"file","source":"cloud"}]},{"path":"C:\\RBMRCFG\\SYSTEM\\Boot\\BCD.LOG1","filename":"BCD.LOG1","fileVersions":[{"lastModified":"2023-06-13T21:02:59+0000","size":0,"snapshotId":"629b4515-8df2-403e-948e-02496c46338b","fileMode":"file","source":"cloud"},{"lastModified":"2023-06-13T21:02:59+0000","size":0,"snapshotId":"19831b2c-246d-499c-9be5-8c35a3089a62","fileMode":"file","source":"cloud"},{"lastModified":"2023-06-13T21:02:59+0000","size":0,"snapshotId":"4b053bc2-171d-4c9e-b1cb-9964a65e9ac3","fileMode":"file","source":"cloud"},{"lastModified":"2023-06-13T21:02:59+0000","size":0,"snapshotId":"90816113-2be8-443d-954f-ed500605142c","fileMode":"file","source":"cloud"}]},{"path":"C:\\RBMRCFG\\SYSTEM\\Boot\\zh-TW\\memtest.exe.mui","filename":"memtest.exe.mui","fileVersions":[{"lastModified":"2018-09-15T07:13:09+0000","size":42296,"snapshotId":"629b4515-8df2-403e-948e-02496c46338b","fileMode":"file","source":"cloud"},{"lastModified":"2018-09-15T07:13:09+0000","size":42296,"snapshotId":"19831b2c-246d-499c-9be5-8c35a3089a62","fileMode":"file","source":"cloud"},{"lastModified":"2018-09-15T07:13:09+0000","size":42296,"snapshotId":"4b053bc2-171d-4c9e-b1cb-9964a65e9ac3","fileMode":"file","source":"cloud"},{"lastModified":"2018-09-15T07:13:09+0000","size":42296,"snapshotId":"90816113-2be8-443d-954f-ed500605142c","fileMode":"file","source":"cloud"}]},{"path":"C:\\RBMRCFG\\SYSTEM\\Boot\\ko-KR\\bootmgr.exe.mui","filename":"bootmgr.exe.mui","fileVersions":[{"lastModified":"2023-08-09T01:58:46+0000","size":68480,"snapshotId":"629b4515-8df2-403e-948e-02496c46338b","fileMode":"file","source":"cloud"},{"lastModified":"2023-08-09T01:58:46+0000","size":68480,"snapshotId":"19831b2c-246d-499c-9be5-8c35a3089a62","fileMode":"file","source":"cloud"},{"lastModified":"2023-08-09T01:58:46+0000","size":68480,"snapshotId":"4b053bc2-171d-4c9e-b1cb-9964a65e9ac3","fileMode":"file","source":"cloud"},{"lastModified":"2023-08-09T01:58:46+0000","size":68480,"snapshotId":"90816113-2be8-443d-954f-ed500605142c","fileMode":"file","source":"cloud"}]},{"path":"C:\\RBMRCFG\\SYSTEM\\Boot\\qps-ploc","filename":"qps-ploc","fileVersions":[{"lastModified":"2024-03-27T12:04:15+0000","size":143016,"snapshotId":"629b4515-8df2-403e-948e-02496c46338b","fileMode":"directory","source":"cloud"},{"lastModified":"2024-05-03T10:55:21+0000","size":143016,"snapshotId":"19831b2c-246d-499c-9be5-8c35a3089a62","fileMode":"directory","source":"cloud"},{"lastModified":"2024-06-22T18:49:51+0000","size":143016,"snapshotId":"4b053bc2-171d-4c9e-b1cb-9964a65e9ac3","fileMode":"directory","source":"cloud"},{"lastModified":"2024-06-14T10:39:04+0000","size":143016,"snapshotId":"90816113-2be8-443d-954f-ed500605142c","fileMode":"directory","source":"cloud"}]},{"path":"C:\\RBMRCFG\\SYSTEM\\Boot\\bg-BG","filename":"bg-BG","fileVersions":[{"lastModified":"2024-03-27T12:04:15+0000","size":82816,"snapshotId":"629b4515-8df2-403e-948e-02496c46338b","fileMode":"directory","source":"cloud"},{"lastModified":"2024-05-03T10:55:20+0000","size":82816,"snapshotId":"19831b2c-246d-499c-9be5-8c35a3089a62","fileMode":"directory","source":"cloud"},{"lastModified":"2024-06-22T18:49:51+0000","size":82816,"snapshotId":"4b053bc2-171d-4c9e-b1cb-9964a65e9ac3","fileMode":"directory","source":"cloud"},{"lastModified":"2024-06-14T10:39:03+0000","size":82816,"snapshotId":"90816113-2be8-443d-954f-ed500605142c","fileMode":"directory","source":"cloud"}]},{"path":"C:\\RBMRCFG\\SYSTEM\\Boot\\Fonts\\malgun_boot.ttf","filename":"malgun_boot.ttf","fileVersions":[{"lastModified":"2018-09-15T07:12:44+0000","size":177887,"snapshotId":"629b4515-8df2-403e-948e-02496c46338b","fileMode":"file","source":"cloud"},{"lastModified":"2018-09-15T07:12:44+0000","size":177887,"snapshotId":"19831b2c-246d-499c-9be5-8c35a3089a62","fileMode":"file","source":"cloud"},{"lastModified":"2018-09-15T07:12:44+0000","size":177887,"snapshotId":"4b053bc2-171d-4c9e-b1cb-9964a65e9ac3","fileMode":"file","source":"cloud"},{"lastModified":"2018-09-15T07:12:44+0000","size":177887,"snapshotId":"90816113-2be8-443d-954f-ed500605142c","fileMode":"file","source":"cloud"}]},{"path":"C:\\RBMRCFG\\SYSTEM\\Boot\\ja-JP\\bootmgr.exe.mui","filename":"bootmgr.exe.mui","fileVersions":[{"lastModified":"2023-08-09T01:58:34+0000","size":68992,"snapshotId":"629b4515-8df2-403e-948e-02496c46338b","fileMode":"file","source":"cloud"},{"lastModified":"2023-08-09T01:58:34+0000","size":68992,"snapshotId":"19831b2c-246d-499c-9be5-8c35a3089a62","fileMode":"file","source":"cloud"},{"lastModified":"2023-08-09T01:58:34+0000","size":68992,"snapshotId":"4b053bc2-171d-4c9e-b1cb-9964a65e9ac3","fileMode":"file","source":"cloud"},{"lastModified":"2023-08-09T01:58:34+0000","size":68992,"snapshotId":"90816113-2be8-443d-954f-ed500605142c","fileMode":"file","source":"cloud"}]},{"path":"C:\\RBMRCFG\\SYSTEM","filename":"SYSTEM","fileVersions":[{"lastModified":"2024-03-27T12:04:15+0000","size":19733037,"snapshotId":"629b4515-8df2-403e-948e-02496c46338b","fileMode":"directory","source":"cloud"},{"lastModified":"2024-05-03T10:55:20+0000","size":19733037,"snapshotId":"19831b2c-246d-499c-9be5-8c35a3089a62","fileMode":"directory","source":"cloud"},{"lastModified":"2024-06-22T18:49:51+0000","size":19733037,"snapshotId":"4b053bc2-171d-4c9e-b1cb-9964a65e9ac3","fileMode":"directory","source":"cloud"},{"lastModified":"2024-06-14T10:39:03+0000","size":19733037,"snapshotId":"90816113-2be8-443d-954f-ed500605142c","fileMode":"directory","source":"cloud"}]},{"path":"C:\\RBMRCFG\\disrec.ini","filename":"disrec.ini","fileVersions":[{"lastModified":"2024-03-27T12:30:16+0000","size":74638,"snapshotId":"629b4515-8df2-403e-948e-02496c46338b","fileMode":"file","source":"cloud"},{"lastModified":"2024-05-03T10:55:53+0000","size":74312,"snapshotId":"19831b2c-246d-499c-9be5-8c35a3089a62","fileMode":"file","source":"cloud"},{"lastModified":"2024-06-22T18:50:21+0000","size":73578,"snapshotId":"4b053bc2-171d-4c9e-b1cb-9964a65e9ac3","fileMode":"file","source":"cloud"},{"lastModified":"2024-06-14T10:39:31+0000","size":72282,"snapshotId":"90816113-2be8-443d-954f-ed500605142c","fileMode":"file","source":"cloud"}]},{"path":"C:\\RBMRCFG\\SYSTEM\\Boot\\it-IT\\memtest.exe.mui","filename":"memtest.exe.mui","fileVersions":[{"lastModified":"2018-09-15T07:13:09+0000","size":45368,"snapshotId":"629b4515-8df2-403e-948e-02496c46338b","fileMode":"file","source":"cloud"},{"lastModified":"2018-09-15T07:13:09+0000","size":45368,"snapshotId":"19831b2c-246d-499c-9be5-8c35a3089a62","fileMode":"file","source":"cloud"},{"lastModified":"2018-09-15T07:13:09+0000","size":45368,"snapshotId":"4b053bc2-171d-4c9e-b1cb-9964a65e9ac3","fileMode":"file","source":"cloud"},{"lastModified":"2018-09-15T07:13:09+0000","size":45368,"snapshotId":"90816113-2be8-443d-954f-ed500605142c","fileMode":"file","source":"cloud"}]},{"path":"C:\\RBMRCFG\\SYSTEM\\Boot\\es-MX\\bootmgr.exe.mui","filename":"bootmgr.exe.mui","fileVersions":[{"lastModified":"2023-08-09T01:58:40+0000","size":78720,"snapshotId":"629b4515-8df2-403e-948e-02496c46338b","fileMode":"file","source":"cloud"},{"lastModified":"2023-08-09T01:58:40+0000","size":78720,"snapshotId":"19831b2c-246d-499c-9be5-8c35a3089a62","fileMode":"file","source":"cloud"},{"lastModified":"2023-08-09T01:58:40+0000","size":78720,"snapshotId":"4b053bc2-171d-4c9e-b1cb-9964a65e9ac3","fileMode":"file","source":"cloud"},{"lastModified":"2023-08-09T01:58:40+0000","size":78720,"snapshotId":"90816113-2be8-443d-954f-ed500605142c","fileMode":"file","source":"cloud"}]},{"path":"C:\\RBMRCFG\\SYSTEM\\Boot\\cs-CZ","filename":"cs-CZ","fileVersions":[{"lastModified":"2024-03-27T12:04:15+0000","size":127864,"snapshotId":"629b4515-8df2-403e-948e-02496c46338b","fileMode":"directory","source":"cloud"},{"lastModified":"2024-05-03T10:55:20+0000","size":127864,"snapshotId":"19831b2c-246d-499c-9be5-8c35a3089a62","fileMode":"directory","source":"cloud"},{"lastModified":"2024-06-22T18:49:51+0000","size":127864,"snapshotId":"4b053bc2-171d-4c9e-b1cb-9964a65e9ac3","fileMode":"directory","source":"cloud"},{"lastModified":"2024-06-14T10:39:03+0000","size":127864,"snapshotId":"90816113-2be8-443d-954f-ed500605142c","fileMode":"directory","source":"cloud"}]},{"path":"C:\\RBMRCFG\\SYSTEM\\Boot\\tr-TR","filename":"tr-TR","fileVersions":[{"lastModified":"2024-03-27T12:04:15+0000","size":126136,"snapshotId":"629b4515-8df2-403e-948e-02496c46338b","fileMode":"directory","source":"cloud"},{"lastModified":"2024-05-03T10:55:21+0000","size":126136,"snapshotId":"19831b2c-246d-499c-9be5-8c35a3089a62","fileMode":"directory","source":"cloud"},{"lastModified":"2024-06-22T18:49:51+0000","size":126136,"snapshotId":"4b053bc2-171d-4c9e-b1cb-9964a65e9ac3","fileMode":"directory","source":"cloud"},{"lastModified":"2024-06-14T10:39:05+0000","size":126136,"snapshotId":"90816113-2be8-443d-954f-ed500605142c","fileMode":"directory","source":"cloud"}]},{"path":"C:\\RBMRCFG\\SYSTEM\\Boot\\en-US","filename":"en-US","fileVersions":[{"lastModified":"2024-03-27T12:04:15+0000","size":124816,"snapshotId":"629b4515-8df2-403e-948e-02496c46338b","fileMode":"directory","source":"cloud"},{"lastModified":"2024-05-03T10:55:20+0000","size":124816,"snapshotId":"19831b2c-246d-499c-9be5-8c35a3089a62","fileMode":"directory","source":"cloud"},{"lastModified":"2024-06-22T18:49:51+0000","size":124816,"snapshotId":"4b053bc2-171d-4c9e-b1cb-9964a65e9ac3","fileMode":"directory","source":"cloud"},{"lastModified":"2024-06-14T10:39:03+0000","size":124816,"snapshotId":"90816113-2be8-443d-954f-ed500605142c","fileMode":"directory","source":"cloud"}]},{"path":"C:\\RBMRCFG\\SYSTEM\\Boot\\fi-FI\\memtest.exe.mui","filename":"memtest.exe.mui","fileVersions":[{"lastModified":"2018-09-15T07:13:08+0000","size":45584,"snapshotId":"629b4515-8df2-403e-948e-02496c46338b","fileMode":"file","source":"cloud"},{"lastModified":"2018-09-15T07:13:08+0000","size":45584,"snapshotId":"19831b2c-246d-499c-9be5-8c35a3089a62","fileMode":"file","source":"cloud"},{"lastModified":"2018-09-15T07:13:08+0000","size":45584,"snapshotId":"4b053bc2-171d-4c9e-b1cb-9964a65e9ac3","fileMode":"file","source":"cloud"},{"lastModified":"2018-09-15T07:13:08+0000","size":45584,"snapshotId":"90816113-2be8-443d-954f-ed500605142c","fileMode":"file","source":"cloud"}]},{"path":"C:\\RBMRCFG\\SYSTEM\\Boot\\Fonts\\chs_boot.ttf","filename":"chs_boot.ttf","fileVersions":[{"lastModified":"2018-09-15T07:12:44+0000","size":3695816,"snapshotId":"629b4515-8df2-403e-948e-02496c46338b","fileMode":"file","source":"cloud"},{"lastModified":"2018-09-15T07:12:44+0000","size":3695816,"snapshotId":"19831b2c-246d-499c-9be5-8c35a3089a62","fileMode":"file","source":"cloud"},{"lastModified":"2018-09-15T07:12:44+0000","size":3695816,"snapshotId":"4b053bc2-171d-4c9e-b1cb-9964a65e9ac3","fileMode":"file","source":"cloud"},{"lastModified":"2018-09-15T07:12:44+0000","size":3695816,"snapshotId":"90816113-2be8-443d-954f-ed500605142c","fileMode":"file","source":"cloud"}]},{"path":"C:\\RBMRCFG\\SYSTEM\\Boot\\nb-NO\\bootmgr.exe.mui","filename":"bootmgr.exe.mui","fileVersions":[{"lastModified":"2023-08-09T01:58:48+0000","size":77184,"snapshotId":"629b4515-8df2-403e-948e-02496c46338b","fileMode":"file","source":"cloud"},{"lastModified":"2023-08-09T01:58:48+0000","size":77184,"snapshotId":"19831b2c-246d-499c-9be5-8c35a3089a62","fileMode":"file","source":"cloud"},{"lastModified":"2023-08-09T01:58:48+0000","size":77184,"snapshotId":"4b053bc2-171d-4c9e-b1cb-9964a65e9ac3","fileMode":"file","source":"cloud"},{"lastModified":"2023-08-09T01:58:48+0000","size":77184,"snapshotId":"90816113-2be8-443d-954f-ed500605142c","fileMode":"file","source":"cloud"}]},{"path":"C:\\RBMRCFG\\SYSTEM\\Boot\\bootvhd.dll","filename":"bootvhd.dll","fileVersions":[{"lastModified":"2023-10-11T08:12:25+0000","size":101232,"snapshotId":"629b4515-8df2-403e-948e-02496c46338b","fileMode":"file","source":"cloud"},{"lastModified":"2023-10-11T08:12:25+0000","size":101232,"snapshotId":"19831b2c-246d-499c-9be5-8c35a3089a62","fileMode":"file","source":"cloud"},{"lastModified":"2023-10-11T08:12:25+0000","size":101232,"snapshotId":"4b053bc2-171d-4c9e-b1cb-9964a65e9ac3","fileMode":"file","source":"cloud"},{"lastModified":"2023-10-11T08:12:25+0000","size":101232,"snapshotId":"90816113-2be8-443d-954f-ed500605142c","fileMode":"file","source":"cloud"}]},{"path":"C:\\RBMRCFG\\SYSTEM\\Boot\\Fonts\\segmono_boot.ttf","filename":"segmono_boot.ttf","fileVersions":[{"lastModified":"2018-09-15T07:12:23+0000","size":44957,"snapshotId":"629b4515-8df2-403e-948e-02496c46338b","fileMode":"file","source":"cloud"},{"lastModified":"2018-09-15T07:12:23+0000","size":44957,"snapshotId":"19831b2c-246d-499c-9be5-8c35a3089a62","fileMode":"file","source":"cloud"},{"lastModified":"2018-09-15T07:12:23+0000","size":44957,"snapshotId":"4b053bc2-171d-4c9e-b1cb-9964a65e9ac3","fileMode":"file","source":"cloud"},{"lastModified":"2018-09-15T07:12:23+0000","size":44957,"snapshotId":"90816113-2be8-443d-954f-ed500605142c","fileMode":"file","source":"cloud"}]},{"path":"C:\\RBMRCFG\\SYSTEM\\Boot\\hr-HR\\bootmgr.exe.mui","filename":"bootmgr.exe.mui","fileVersions":[{"lastModified":"2023-08-09T01:58:48+0000","size":77696,"snapshotId":"629b4515-8df2-403e-948e-02496c46338b","fileMode":"file","source":"cloud"},{"lastModified":"2023-08-09T01:58:48+0000","size":77696,"snapshotId":"19831b2c-246d-499c-9be5-8c35a3089a62","fileMode":"file","source":"cloud"},{"lastModified":"2023-08-09T01:58:48+0000","size":77696,"snapshotId":"4b053bc2-171d-4c9e-b1cb-9964a65e9ac3","fileMode":"file","source":"cloud"},{"lastModified":"2023-08-09T01:58:48+0000","size":77696,"snapshotId":"90816113-2be8-443d-954f-ed500605142c","fileMode":"file","source":"cloud"}]},{"path":"C:\\RBMRCFG\\SYSTEM\\Boot\\fr-FR\\bootmgr.exe.mui","filename":"bootmgr.exe.mui","fileVersions":[{"lastModified":"2023-08-09T01:58:41+0000","size":80752,"snapshotId":"629b4515-8df2-403e-948e-02496c46338b","fileMode":"file","source":"cloud"},{"lastModified":"2023-08-09T01:58:41+0000","size":80752,"snapshotId":"19831b2c-246d-499c-9be5-8c35a3089a62","fileMode":"file","source":"cloud"},{"lastModified":"2023-08-09T01:58:41+0000","size":80752,"snapshotId":"4b053bc2-171d-4c9e-b1cb-9964a65e9ac3","fileMode":"file","source":"cloud"},{"lastModified":"2023-08-09T01:58:41+0000","size":80752,"snapshotId":"90816113-2be8-443d-954f-ed500605142c","fileMode":"file","source":"cloud"}]},{"path":"C:\\RBMRCFG\\SYSTEM\\Boot\\Resources\\en-US\\bootres.dll.mui","filename":"bootres.dll.mui","fileVersions":[{"lastModified":"2018-09-15T09:06:53+0000","size":12800,"snapshotId":"629b4515-8df2-403e-948e-02496c46338b","fileMode":"file","source":"cloud"},{"lastModified":"2018-09-15T09:06:53+0000","size":12800,"snapshotId":"19831b2c-246d-499c-9be5-8c35a3089a62","fileMode":"file","source":"cloud"},{"lastModified":"2018-09-15T09:06:53+0000","size":12800,"snapshotId":"4b053bc2-171d-4c9e-b1cb-9964a65e9ac3","fileMode":"file","source":"cloud"},{"lastModified":"2018-09-15T09:06:53+0000","size":12800,"snapshotId":"90816113-2be8-443d-954f-ed500605142c","fileMode":"file","source":"cloud"}]},{"path":"C:\\RBMRCFG\\SYSTEM\\Boot\\pt-PT","filename":"pt-PT","fileVersions":[{"lastModified":"2024-03-27T12:04:15+0000","size":128184,"snapshotId":"629b4515-8df2-403e-948e-02496c46338b","fileMode":"directory","source":"cloud"},{"lastModified":"2024-05-03T10:55:21+0000","size":128184,"snapshotId":"19831b2c-246d-499c-9be5-8c35a3089a62","fileMode":"directory","source":"cloud"},{"lastModified":"2024-06-22T18:49:51+0000","size":128184,"snapshotId":"4b053bc2-171d-4c9e-b1cb-9964a65e9ac3","fileMode":"directory","source":"cloud"},{"lastModified":"2024-06-14T10:39:04+0000","size":128184,"snapshotId":"90816113-2be8-443d-954f-ed500605142c","fileMode":"directory","source":"cloud"}]},{"path":"C:\\RBMRCFG\\SYSTEM\\Boot\\Resources\\en-US","filename":"en-US","fileVersions":[{"lastModified":"2024-03-27T12:04:15+0000","size":16896,"snapshotId":"629b4515-8df2-403e-948e-02496c46338b","fileMode":"directory","source":"cloud"},{"lastModified":"2024-05-03T10:55:21+0000","size":16896,"snapshotId":"19831b2c-246d-499c-9be5-8c35a3089a62","fileMode":"directory","source":"cloud"},{"lastModified":"2024-06-22T18:49:51+0000","size":16896,"snapshotId":"4b053bc2-171d-4c9e-b1cb-9964a65e9ac3","fileMode":"directory","source":"cloud"},{"lastModified":"2024-06-14T10:39:05+0000","size":16896,"snapshotId":"90816113-2be8-443d-954f-ed500605142c","fileMode":"directory","source":"cloud"}]},{"path":"C:\\RBMRCFG\\SYSTEM\\Boot\\pl-PL\\bootmgr.exe.mui","filename":"bootmgr.exe.mui","fileVersions":[{"lastModified":"2023-08-09T01:58:41+0000","size":79216,"snapshotId":"629b4515-8df2-403e-948e-02496c46338b","fileMode":"file","source":"cloud"},{"lastModified":"2023-08-09T01:58:41+0000","size":79216,"snapshotId":"19831b2c-246d-499c-9be5-8c35a3089a62","fileMode":"file","source":"cloud"},{"lastModified":"2023-08-09T01:58:41+0000","size":79216,"snapshotId":"4b053bc2-171d-4c9e-b1cb-9964a65e9ac3","fileMode":"file","source":"cloud"},{"lastModified":"2023-08-09T01:58:41+0000","size":79216,"snapshotId":"90816113-2be8-443d-954f-ed500605142c","fileMode":"file","source":"cloud"}]},{"path":"C:\\RBMRCFG\\SYSTEM\\Boot\\qps-ploc\\bootmgr.exe.mui","filename":"bootmgr.exe.mui","fileVersions":[{"lastModified":"2023-10-11T08:12:23+0000","size":84848,"snapshotId":"629b4515-8df2-403e-948e-02496c46338b","fileMode":"file","source":"cloud"},{"lastModified":"2023-10-11T08:12:23+0000","size":84848,"snapshotId":"19831b2c-246d-499c-9be5-8c35a3089a62","fileMode":"file","source":"cloud"},{"lastModified":"2023-10-11T08:12:23+0000","size":84848,"snapshotId":"4b053bc2-171d-4c9e-b1cb-9964a65e9ac3","fileMode":"file","source":"cloud"},{"lastModified":"2023-10-11T08:12:23+0000","size":84848,"snapshotId":"90816113-2be8-443d-954f-ed500605142c","fileMode":"file","source":"cloud"}]},{"path":"C:\\RBMRCFG\\SYSTEM\\Boot\\sl-SI","filename":"sl-SI","fileVersions":[{"lastModified":"2024-03-27T12:04:15+0000","size":82304,"snapshotId":"629b4515-8df2-403e-948e-02496c46338b","fileMode":"directory","source":"cloud"},{"lastModified":"2024-05-03T10:55:21+0000","size":82304,"snapshotId":"19831b2c-246d-499c-9be5-8c35a3089a62","fileMode":"directory","source":"cloud"},{"lastModified":"2024-06-22T18:49:51+0000","size":82304,"snapshotId":"4b053bc2-171d-4c9e-b1cb-9964a65e9ac3","fileMode":"directory","source":"cloud"},{"lastModified":"2024-06-14T10:39:05+0000","size":82304,"snapshotId":"90816113-2be8-443d-954f-ed500605142c","fileMode":"directory","source":"cloud"}]},{"path":"C:\\RBMRCFG\\SYSTEM\\Boot\\de-DE\\memtest.exe.mui","filename":"memtest.exe.mui","fileVersions":[{"lastModified":"2018-09-15T07:13:08+0000","size":46096,"snapshotId":"629b4515-8df2-403e-948e-02496c46338b","fileMode":"file","source":"cloud"},{"lastModified":"2018-09-15T07:13:08+0000","size":46096,"snapshotId":"19831b2c-246d-499c-9be5-8c35a3089a62","fileMode":"file","source":"cloud"},{"lastModified":"2018-09-15T07:13:08+0000","size":46096,"snapshotId":"4b053bc2-171d-4c9e-b1cb-9964a65e9ac3","fileMode":"file","source":"cloud"},{"lastModified":"2018-09-15T07:13:08+0000","size":46096,"snapshotId":"90816113-2be8-443d-954f-ed500605142c","fileMode":"file","source":"cloud"}]},{"path":"C:\\RBMRCFG\\SYSTEM\\Boot\\ja-JP","filename":"ja-JP","fileVersions":[{"lastModified":"2024-03-27T12:04:15+0000","size":116128,"snapshotId":"629b4515-8df2-403e-948e-02496c46338b","fileMode":"directory","source":"cloud"},{"lastModified":"2024-05-03T10:55:21+0000","size":116128,"snapshotId":"19831b2c-246d-499c-9be5-8c35a3089a62","fileMode":"directory","source":"cloud"},{"lastModified":"2024-06-22T18:49:51+0000","size":116128,"snapshotId":"4b053bc2-171d-4c9e-b1cb-9964a65e9ac3","fileMode":"directory","source":"cloud"},{"lastModified":"2024-06-14T10:39:04+0000","size":116128,"snapshotId":"90816113-2be8-443d-954f-ed500605142c","fileMode":"directory","source":"cloud"}]},{"path":"C:\\RBMRCFG\\SYSTEM\\Boot\\sk-SK\\bootmgr.exe.mui","filename":"bootmgr.exe.mui","fileVersions":[{"lastModified":"2023-08-09T01:58:25+0000","size":78704,"snapshotId":"629b4515-8df2-403e-948e-02496c46338b","fileMode":"file","source":"cloud"},{"lastModified":"2023-08-09T01:58:25+0000","size":78704,"snapshotId":"19831b2c-246d-499c-9be5-8c35a3089a62","fileMode":"file","source":"cloud"},{"lastModified":"2023-08-09T01:58:25+0000","size":78704,"snapshotId":"4b053bc2-171d-4c9e-b1cb-9964a65e9ac3","fileMode":"file","source":"cloud"},{"lastModified":"2023-08-09T01:58:25+0000","size":78704,"snapshotId":"90816113-2be8-443d-954f-ed500605142c","fileMode":"file","source":"cloud"}]},{"path":"C:\\RBMRCFG\\SYSTEM\\Boot\\ro-RO\\bootmgr.exe.mui","filename":"bootmgr.exe.mui","fileVersions":[{"lastModified":"2023-08-09T01:58:48+0000","size":77696,"snapshotId":"629b4515-8df2-403e-948e-02496c46338b","fileMode":"file","source":"cloud"},{"lastModified":"2023-08-09T01:58:48+0000","size":77696,"snapshotId":"19831b2c-246d-499c-9be5-8c35a3089a62","fileMode":"file","source":"cloud"},{"lastModified":"2023-08-09T01:58:48+0000","size":77696,"snapshotId":"4b053bc2-171d-4c9e-b1cb-9964a65e9ac3","fileMode":"file","source":"cloud"},{"lastModified":"2023-08-09T01:58:48+0000","size":77696,"snapshotId":"90816113-2be8-443d-954f-ed500605142c","fileMode":"file","source":"cloud"}]},{"path":"C:\\RBMRCFG\\SYSTEM\\Boot\\Fonts\\malgunn_boot.ttf","filename":"malgunn_boot.ttf","fileVersions":[{"lastModified":"2018-09-15T07:12:44+0000","size":175057,"snapshotId":"629b4515-8df2-403e-948e-02496c46338b","fileMode":"file","source":"cloud"},{"lastModified":"2018-09-15T07:12:44+0000","size":175057,"snapshotId":"19831b2c-246d-499c-9be5-8c35a3089a62","fileMode":"file","source":"cloud"},{"lastModified":"2018-09-15T07:12:44+0000","size":175057,"snapshotId":"4b053bc2-171d-4c9e-b1cb-9964a65e9ac3","fileMode":"file","source":"cloud"},{"lastModified":"2018-09-15T07:12:44+0000","size":175057,"snapshotId":"90816113-2be8-443d-954f-ed500605142c","fileMode":"file","source":"cloud"}]},{"path":"C:\\RBMRCFG\\SYSTEM\\Boot\\nl-NL","filename":"nl-NL","fileVersions":[{"lastModified":"2024-03-27T12:04:15+0000","size":128696,"snapshotId":"629b4515-8df2-403e-948e-02496c46338b","fileMode":"directory","source":"cloud"},{"lastModified":"2024-05-03T10:55:21+0000","size":128696,"snapshotId":"19831b2c-246d-499c-9be5-8c35a3089a62","fileMode":"directory","source":"cloud"},{"lastModified":"2024-06-22T18:49:51+0000","size":128696,"snapshotId":"4b053bc2-171d-4c9e-b1cb-9964a65e9ac3","fileMode":"directory","source":"cloud"},{"lastModified":"2024-06-14T10:39:04+0000","size":128696,"snapshotId":"90816113-2be8-443d-954f-ed500605142c","fileMode":"directory","source":"cloud"}]},{"path":"C:\\RBMRCFG\\SYSTEM\\Boot\\tr-TR\\bootmgr.exe.mui","filename":"bootmgr.exe.mui","fileVersions":[{"lastModified":"2023-08-09T01:58:24+0000","size":76672,"snapshotId":"629b4515-8df2-403e-948e-02496c46338b","fileMode":"file","source":"cloud"},{"lastModified":"2023-08-09T01:58:24+0000","size":76672,"snapshotId":"19831b2c-246d-499c-9be5-8c35a3089a62","fileMode":"file","source":"cloud"},{"lastModified":"2023-08-09T01:58:24+0000","size":76672,"snapshotId":"4b053bc2-171d-4c9e-b1cb-9964a65e9ac3","fileMode":"file","source":"cloud"},{"lastModified":"2023-08-09T01:58:24+0000","size":76672,"snapshotId":"90816113-2be8-443d-954f-ed500605142c","fileMode":"file","source":"cloud"}]},{"path":"C:\\RBMRCFG\\SYSTEM\\Boot\\hr-HR","filename":"hr-HR","fileVersions":[{"lastModified":"2024-03-27T12:04:15+0000","size":81792,"snapshotId":"629b4515-8df2-403e-948e-02496c46338b","fileMode":"directory","source":"cloud"},{"lastModified":"2024-05-03T10:55:21+0000","size":81792,"snapshotId":"19831b2c-246d-499c-9be5-8c35a3089a62","fileMode":"directory","source":"cloud"},{"lastModified":"2024-06-22T18:49:51+0000","size":81792,"snapshotId":"4b053bc2-171d-4c9e-b1cb-9964a65e9ac3","fileMode":"directory","source":"cloud"},{"lastModified":"2024-06-14T10:39:04+0000","size":81792,"snapshotId":"90816113-2be8-443d-954f-ed500605142c","fileMode":"directory","source":"cloud"}]},{"path":"C:\\RBMRCFG\\SYSTEM\\Boot\\bootuwf.dll","filename":"bootuwf.dll","fileVersions":[{"lastModified":"2023-08-09T01:58:42+0000","size":18944,"snapshotId":"629b4515-8df2-403e-948e-02496c46338b","fileMode":"file","source":"cloud"},{"lastModified":"2023-08-09T01:58:42+0000","size":18944,"snapshotId":"19831b2c-246d-499c-9be5-8c35a3089a62","fileMode":"file","source":"cloud"},{"lastModified":"2023-08-09T01:58:42+0000","size":18944,"snapshotId":"4b053bc2-171d-4c9e-b1cb-9964a65e9ac3","fileMode":"file","source":"cloud"},{"lastModified":"2023-08-09T01:58:42+0000","size":18944,"snapshotId":"90816113-2be8-443d-954f-ed500605142c","fileMode":"file","source":"cloud"}]},{"path":"C:\\RBMRCFG\\SYSTEM\\Boot\\hu-HU","filename":"hu-HU","fileVersions":[{"lastModified":"2024-03-27T12:04:15+0000","size":130232,"snapshotId":"629b4515-8df2-403e-948e-02496c46338b","fileMode":"directory","source":"cloud"},{"lastModified":"2024-05-03T10:55:21+0000","size":130232,"snapshotId":"19831b2c-246d-499c-9be5-8c35a3089a62","fileMode":"directory","source":"cloud"},{"lastModified":"2024-06-22T18:49:51+0000","size":130232,"snapshotId":"4b053bc2-171d-4c9e-b1cb-9964a65e9ac3","fileMode":"directory","source":"cloud"},{"lastModified":"2024-06-14T10:39:04+0000","size":130232,"snapshotId":"90816113-2be8-443d-954f-ed500605142c","fileMode":"directory","source":"cloud"}]},{"path":"C:\\RBMRCFG\\SYSTEM\\Boot\\PCAT\\bootmgr","filename":"bootmgr","fileVersions":[{"lastModified":"2023-09-13T15:42:08+0000","size":411134,"snapshotId":"629b4515-8df2-403e-948e-02496c46338b","fileMode":"file","source":"cloud"},{"lastModified":"2023-09-13T15:42:08+0000","size":411134,"snapshotId":"19831b2c-246d-499c-9be5-8c35a3089a62","fileMode":"file","source":"cloud"},{"lastModified":"2023-09-13T15:42:08+0000","size":411134,"snapshotId":"4b053bc2-171d-4c9e-b1cb-9964a65e9ac3","fileMode":"file","source":"cloud"},{"lastModified":"2023-09-13T15:42:08+0000","size":411134,"snapshotId":"90816113-2be8-443d-954f-ed500605142c","fileMode":"file","source":"cloud"}]},{"path":"C:\\RBMRCFG\\SYSTEM\\Boot\\lt-LT\\bootmgr.exe.mui","filename":"bootmgr.exe.mui","fileVersions":[{"lastModified":"2023-08-09T01:58:35+0000","size":77184,"snapshotId":"629b4515-8df2-403e-948e-02496c46338b","fileMode":"file","source":"cloud"},{"lastModified":"2023-08-09T01:58:35+0000","size":77184,"snapshotId":"19831b2c-246d-499c-9be5-8c35a3089a62","fileMode":"file","source":"cloud"},{"lastModified":"2023-08-09T01:58:35+0000","size":77184,"snapshotId":"4b053bc2-171d-4c9e-b1cb-9964a65e9ac3","fileMode":"file","source":"cloud"},{"lastModified":"2023-08-09T01:58:35+0000","size":77184,"snapshotId":"90816113-2be8-443d-954f-ed500605142c","fileMode":"file","source":"cloud"}]},{"path":"C:\\RBMRCFG\\SYSTEM\\Boot\\ko-KR","filename":"ko-KR","fileVersions":[{"lastModified":"2024-03-27T12:04:15+0000","size":115600,"snapshotId":"629b4515-8df2-403e-948e-02496c46338b","fileMode":"directory","source":"cloud"},{"lastModified":"2024-05-03T10:55:21+0000","size":115600,"snapshotId":"19831b2c-246d-499c-9be5-8c35a3089a62","fileMode":"directory","source":"cloud"},{"lastModified":"2024-06-22T18:49:51+0000","size":115600,"snapshotId":"4b053bc2-171d-4c9e-b1cb-9964a65e9ac3","fileMode":"directory","source":"cloud"},{"lastModified":"2024-06-14T10:39:04+0000","size":115600,"snapshotId":"90816113-2be8-443d-954f-ed500605142c","fileMode":"directory","source":"cloud"}]},{"path":"C:\\RBMRCFG\\SYSTEM\\Boot\\sr-Latn-RS","filename":"sr-Latn-RS","fileVersions":[{"lastModified":"2024-03-27T12:04:15+0000","size":82288,"snapshotId":"629b4515-8df2-403e-948e-02496c46338b","fileMode":"directory","source":"cloud"},{"lastModified":"2024-05-03T10:55:21+0000","size":82288,"snapshotId":"19831b2c-246d-499c-9be5-8c35a3089a62","fileMode":"directory","source":"cloud"},{"lastModified":"2024-06-22T18:49:51+0000","size":82288,"snapshotId":"4b053bc2-171d-4c9e-b1cb-9964a65e9ac3","fileMode":"directory","source":"cloud"},{"lastModified":"2024-06-14T10:39:05+0000","size":82288,"snapshotId":"90816113-2be8-443d-954f-ed500605142c","fileMode":"directory","source":"cloud"}]},{"path":"C:\\RBMRCFG\\SYSTEM\\Boot\\Fonts\\meiryon_boot.ttf","filename":"meiryon_boot.ttf","fileVersions":[{"lastModified":"2018-09-15T07:12:44+0000","size":143853,"snapshotId":"629b4515-8df2-403e-948e-02496c46338b","fileMode":"file","source":"cloud"},{"lastModified":"2018-09-15T07:12:44+0000","size":143853,"snapshotId":"19831b2c-246d-499c-9be5-8c35a3089a62","fileMode":"file","source":"cloud"},{"lastModified":"2018-09-15T07:12:44+0000","size":143853,"snapshotId":"4b053bc2-171d-4c9e-b1cb-9964a65e9ac3","fileMode":"file","source":"cloud"},{"lastModified":"2018-09-15T07:12:44+0000","size":143853,"snapshotId":"90816113-2be8-443d-954f-ed500605142c","fileMode":"file","source":"cloud"}]},{"path":"C:\\RBMRCFG\\SYSTEM\\bootmgr","filename":"bootmgr","fileVersions":[{"lastModified":"2023-10-11T08:12:25+0000","size":411238,"snapshotId":"629b4515-8df2-403e-948e-02496c46338b","fileMode":"file","source":"cloud"},{"lastModified":"2023-10-11T08:12:25+0000","size":411238,"snapshotId":"19831b2c-246d-499c-9be5-8c35a3089a62","fileMode":"file","source":"cloud"},{"lastModified":"2023-10-11T08:12:25+0000","size":411238,"snapshotId":"4b053bc2-171d-4c9e-b1cb-9964a65e9ac3","fileMode":"file","source":"cloud"},{"lastModified":"2023-10-11T08:12:25+0000","size":411238,"snapshotId":"90816113-2be8-443d-954f-ed500605142c","fileMode":"file","source":"cloud"}]},{"path":"C:\\RBMRCFG\\SYSTEM\\Boot\\nl-NL\\bootmgr.exe.mui","filename":"bootmgr.exe.mui","fileVersions":[{"lastModified":"2023-08-09T01:58:31+0000","size":79232,"snapshotId":"629b4515-8df2-403e-948e-02496c46338b","fileMode":"file","source":"cloud"},{"lastModified":"2023-08-09T01:58:31+0000","size":79232,"snapshotId":"19831b2c-246d-499c-9be5-8c35a3089a62","fileMode":"file","source":"cloud"},{"lastModified":"2023-08-09T01:58:31+0000","size":79232,"snapshotId":"4b053bc2-171d-4c9e-b1cb-9964a65e9ac3","fileMode":"file","source":"cloud"},{"lastModified":"2023-08-09T01:58:31+0000","size":79232,"snapshotId":"90816113-2be8-443d-954f-ed500605142c","fileMode":"file","source":"cloud"}]},{"path":"C:\\RBMRCFG\\SYSTEM\\Boot\\fi-FI","filename":"fi-FI","fileVersions":[{"lastModified":"2024-03-27T12:04:15+0000","size":127888,"snapshotId":"629b4515-8df2-403e-948e-02496c46338b","fileMode":"directory","source":"cloud"},{"lastModified":"2024-05-03T10:55:20+0000","size":127888,"snapshotId":"19831b2c-246d-499c-9be5-8c35a3089a62","fileMode":"directory","source":"cloud"},{"lastModified":"2024-06-22T18:49:51+0000","size":127888,"snapshotId":"4b053bc2-171d-4c9e-b1cb-9964a65e9ac3","fileMode":"directory","source":"cloud"},{"lastModified":"2024-06-14T10:39:04+0000","size":127888,"snapshotId":"90816113-2be8-443d-954f-ed500605142c","fileMode":"directory","source":"cloud"}]},{"path":"C:\\RBMRCFG\\SYSTEM\\Boot\\pt-BR","filename":"pt-BR","fileVersions":[{"lastModified":"2024-03-27T12:04:15+0000","size":127672,"snapshotId":"629b4515-8df2-403e-948e-02496c46338b","fileMode":"directory","source":"cloud"},{"lastModified":"2024-05-03T10:55:21+0000","size":127672,"snapshotId":"19831b2c-246d-499c-9be5-8c35a3089a62","fileMode":"directory","source":"cloud"},{"lastModified":"2024-06-22T18:49:51+0000","size":127672,"snapshotId":"4b053bc2-171d-4c9e-b1cb-9964a65e9ac3","fileMode":"directory","source":"cloud"},{"lastModified":"2024-06-14T10:39:04+0000","size":127672,"snapshotId":"90816113-2be8-443d-954f-ed500605142c","fileMode":"directory","source":"cloud"}]},{"path":"C:\\RBMRCFG\\SYSTEM\\Boot\\es-ES\\bootmgr.exe.mui","filename":"bootmgr.exe.mui","fileVersions":[{"lastModified":"2023-08-09T01:58:28+0000","size":78704,"snapshotId":"629b4515-8df2-403e-948e-02496c46338b","fileMode":"file","source":"cloud"},{"lastModified":"2023-08-09T01:58:28+0000","size":78704,"snapshotId":"19831b2c-246d-499c-9be5-8c35a3089a62","fileMode":"file","source":"cloud"},{"lastModified":"2023-08-09T01:58:28+0000","size":78704,"snapshotId":"4b053bc2-171d-4c9e-b1cb-9964a65e9ac3","fileMode":"file","source":"cloud"},{"lastModified":"2023-08-09T01:58:28+0000","size":78704,"snapshotId":"90816113-2be8-443d-954f-ed500605142c","fileMode":"file","source":"cloud"}]},{"path":"C:\\RBMRCFG\\SYSTEM\\Boot\\pt-PT\\bootmgr.exe.mui","filename":"bootmgr.exe.mui","fileVersions":[{"lastModified":"2023-08-09T01:58:37+0000","size":78208,"snapshotId":"629b4515-8df2-403e-948e-02496c46338b","fileMode":"file","source":"cloud"},{"lastModified":"2023-08-09T01:58:37+0000","size":78208,"snapshotId":"19831b2c-246d-499c-9be5-8c35a3089a62","fileMode":"file","source":"cloud"},{"lastModified":"2023-08-09T01:58:37+0000","size":78208,"snapshotId":"4b053bc2-171d-4c9e-b1cb-9964a65e9ac3","fileMode":"file","source":"cloud"},{"lastModified":"2023-08-09T01:58:37+0000","size":78208,"snapshotId":"90816113-2be8-443d-954f-ed500605142c","fileMode":"file","source":"cloud"}]},{"path":"C:\\RBMRCFG\\SYSTEM\\Boot\\da-DK","filename":"da-DK","fileVersions":[{"lastModified":"2024-03-27T12:04:15+0000","size":126864,"snapshotId":"629b4515-8df2-403e-948e-02496c46338b","fileMode":"directory","source":"cloud"},{"lastModified":"2024-05-03T10:55:20+0000","size":126864,"snapshotId":"19831b2c-246d-499c-9be5-8c35a3089a62","fileMode":"directory","source":"cloud"},{"lastModified":"2024-06-22T18:49:51+0000","size":126864,"snapshotId":"4b053bc2-171d-4c9e-b1cb-9964a65e9ac3","fileMode":"directory","source":"cloud"},{"lastModified":"2024-06-14T10:39:03+0000","size":126864,"snapshotId":"90816113-2be8-443d-954f-ed500605142c","fileMode":"directory","source":"cloud"}]},{"path":"C:\\RBMRCFG\\SYSTEM\\Boot\\sk-SK","filename":"sk-SK","fileVersions":[{"lastModified":"2024-03-27T12:04:15+0000","size":82800,"snapshotId":"629b4515-8df2-403e-948e-02496c46338b","fileMode":"directory","source":"cloud"},{"lastModified":"2024-05-03T10:55:21+0000","size":82800,"snapshotId":"19831b2c-246d-499c-9be5-8c35a3089a62","fileMode":"directory","source":"cloud"},{"lastModified":"2024-06-22T18:49:51+0000","size":82800,"snapshotId":"4b053bc2-171d-4c9e-b1cb-9964a65e9ac3","fileMode":"directory","source":"cloud"},{"lastModified":"2024-06-14T10:39:05+0000","size":82800,"snapshotId":"90816113-2be8-443d-954f-ed500605142c","fileMode":"directory","source":"cloud"}]},{"path":"C:\\RBMRCFG\\SYSTEM\\Boot\\sv-SE","filename":"sv-SE","fileVersions":[{"lastModified":"2024-03-27T12:04:15+0000","size":126648,"snapshotId":"629b4515-8df2-403e-948e-02496c46338b","fileMode":"directory","source":"cloud"},{"lastModified":"2024-05-03T10:55:21+0000","size":126648,"snapshotId":"19831b2c-246d-499c-9be5-8c35a3089a62","fileMode":"directory","source":"cloud"},{"lastModified":"2024-06-22T18:49:51+0000","size":126648,"snapshotId":"4b053bc2-171d-4c9e-b1cb-9964a65e9ac3","fileMode":"directory","source":"cloud"},{"lastModified":"2024-06-14T10:39:05+0000","size":126648,"snapshotId":"90816113-2be8-443d-954f-ed500605142c","fileMode":"directory","source":"cloud"}]},{"path":"C:\\RBMRCFG\\SYSTEM\\Boot\\hu-HU\\bootmgr.exe.mui","filename":"bootmgr.exe.mui","fileVersions":[{"lastModified":"2023-08-09T01:58:46+0000","size":80256,"snapshotId":"629b4515-8df2-403e-948e-02496c46338b","fileMode":"file","source":"cloud"},{"lastModified":"2023-08-09T01:58:46+0000","size":80256,"snapshotId":"19831b2c-246d-499c-9be5-8c35a3089a62","fileMode":"file","source":"cloud"},{"lastModified":"2023-08-09T01:58:46+0000","size":80256,"snapshotId":"4b053bc2-171d-4c9e-b1cb-9964a65e9ac3","fileMode":"file","source":"cloud"},{"lastModified":"2023-08-09T01:58:46+0000","size":80256,"snapshotId":"90816113-2be8-443d-954f-ed500605142c","fileMode":"file","source":"cloud"}]},{"path":"C:\\RBMRCFG\\SYSTEM\\Boot\\da-DK\\bootmgr.exe.mui","filename":"bootmgr.exe.mui","fileVersions":[{"lastModified":"2023-08-09T01:58:47+0000","size":77184,"snapshotId":"629b4515-8df2-403e-948e-02496c46338b","fileMode":"file","source":"cloud"},{"lastModified":"2023-08-09T01:58:47+0000","size":77184,"snapshotId":"19831b2c-246d-499c-9be5-8c35a3089a62","fileMode":"file","source":"cloud"},{"lastModified":"2023-08-09T01:58:47+0000","size":77184,"snapshotId":"4b053bc2-171d-4c9e-b1cb-9964a65e9ac3","fileMode":"file","source":"cloud"},{"lastModified":"2023-08-09T01:58:47+0000","size":77184,"snapshotId":"90816113-2be8-443d-954f-ed500605142c","fileMode":"file","source":"cloud"}]},{"path":"C:\\RBMRCFG\\SYSTEM\\Boot\\fr-FR","filename":"fr-FR","fileVersions":[{"lastModified":"2024-03-27T12:04:15+0000","size":130728,"snapshotId":"629b4515-8df2-403e-948e-02496c46338b","fileMode":"directory","source":"cloud"},{"lastModified":"2024-05-03T10:55:21+0000","size":130728,"snapshotId":"19831b2c-246d-499c-9be5-8c35a3089a62","fileMode":"directory","source":"cloud"},{"lastModified":"2024-06-22T18:49:51+0000","size":130728,"snapshotId":"4b053bc2-171d-4c9e-b1cb-9964a65e9ac3","fileMode":"directory","source":"cloud"},{"lastModified":"2024-06-14T10:39:04+0000","size":130728,"snapshotId":"90816113-2be8-443d-954f-ed500605142c","fileMode":"directory","source":"cloud"}]},{"path":"C:\\RBMRCFG\\SYSTEM\\Boot\\fi-FI\\bootmgr.exe.mui","filename":"bootmgr.exe.mui","fileVersions":[{"lastModified":"2023-08-09T01:58:33+0000","size":78208,"snapshotId":"629b4515-8df2-403e-948e-02496c46338b","fileMode":"file","source":"cloud"},{"lastModified":"2023-08-09T01:58:33+0000","size":78208,"snapshotId":"19831b2c-246d-499c-9be5-8c35a3089a62","fileMode":"file","source":"cloud"},{"lastModified":"2023-08-09T01:58:33+0000","size":78208,"snapshotId":"4b053bc2-171d-4c9e-b1cb-9964a65e9ac3","fileMode":"file","source":"cloud"},{"lastModified":"2023-08-09T01:58:33+0000","size":78208,"snapshotId":"90816113-2be8-443d-954f-ed500605142c","fileMode":"file","source":"cloud"}]},{"path":"C:\\RBMRCFG\\SYSTEM\\Boot\\Fonts\\msyhn_boot.ttf","filename":"msyhn_boot.ttf","fileVersions":[{"lastModified":"2018-09-15T07:12:44+0000","size":154525,"snapshotId":"629b4515-8df2-403e-948e-02496c46338b","fileMode":"file","source":"cloud"},{"lastModified":"2018-09-15T07:12:44+0000","size":154525,"snapshotId":"19831b2c-246d-499c-9be5-8c35a3089a62","fileMode":"file","source":"cloud"},{"lastModified":"2018-09-15T07:12:44+0000","size":154525,"snapshotId":"4b053bc2-171d-4c9e-b1cb-9964a65e9ac3","fileMode":"file","source":"cloud"},{"lastModified":"2018-09-15T07:12:44+0000","size":154525,"snapshotId":"90816113-2be8-443d-954f-ed500605142c","fileMode":"file","source":"cloud"}]},{"path":"C:\\RBMRCFG\\SYSTEM\\Boot\\Fonts","filename":"Fonts","fileVersions":[{"lastModified":"2024-03-27T12:04:15+0000","size":13485889,"snapshotId":"629b4515-8df2-403e-948e-02496c46338b","fileMode":"directory","source":"cloud"},{"lastModified":"2024-05-03T10:55:21+0000","size":13485889,"snapshotId":"19831b2c-246d-499c-9be5-8c35a3089a62","fileMode":"directory","source":"cloud"},{"lastModified":"2024-06-22T18:49:51+0000","size":13485889,"snapshotId":"4b053bc2-171d-4c9e-b1cb-9964a65e9ac3","fileMode":"directory","source":"cloud"},{"lastModified":"2024-06-14T10:39:04+0000","size":13485889,"snapshotId":"90816113-2be8-443d-954f-ed500605142c","fileMode":"directory","source":"cloud"}]},{"path":"C:\\RBMRCFG\\SYSTEM\\Boot\\nl-NL\\memtest.exe.mui","filename":"memtest.exe.mui","fileVersions":[{"lastModified":"2018-09-15T07:13:09+0000","size":45368,"snapshotId":"629b4515-8df2-403e-948e-02496c46338b","fileMode":"file","source":"cloud"},{"lastModified":"2018-09-15T07:13:09+0000","size":45368,"snapshotId":"19831b2c-246d-499c-9be5-8c35a3089a62","fileMode":"file","source":"cloud"},{"lastModified":"2018-09-15T07:13:09+0000","size":45368,"snapshotId":"4b053bc2-171d-4c9e-b1cb-9964a65e9ac3","fileMode":"file","source":"cloud"},{"lastModified":"2018-09-15T07:13:09+0000","size":45368,"snapshotId":"90816113-2be8-443d-954f-ed500605142c","fileMode":"file","source":"cloud"}]},{"path":"C:\\RBMRCFG\\SYSTEM\\Boot\\uk-UA\\bootmgr.exe.mui","filename":"bootmgr.exe.mui","fileVersions":[{"lastModified":"2023-10-11T08:12:19+0000","size":78816,"snapshotId":"629b4515-8df2-403e-948e-02496c46338b","fileMode":"file","source":"cloud"},{"lastModified":"2023-10-11T08:12:19+0000","size":78816,"snapshotId":"19831b2c-246d-499c-9be5-8c35a3089a62","fileMode":"file","source":"cloud"},{"lastModified":"2023-10-11T08:12:19+0000","size":78816,"snapshotId":"4b053bc2-171d-4c9e-b1cb-9964a65e9ac3","fileMode":"file","source":"cloud"},{"lastModified":"2023-10-11T08:12:19+0000","size":78816,"snapshotId":"90816113-2be8-443d-954f-ed500605142c","fileMode":"file","source":"cloud"}]}],"total":135}
