{"hasMore":false,"data":[{"id":"VolumeGroup:::226872c2-26c8-427a-8e75-080e7980a99f","name":"ldtdsm05san02.etf.barcapetf.com volumes","configuredSlaDomainId":"INHERIT","configuredSlaDomainName":"Inherit","configuredSlaDomainType":"ProtectionSla","primaryClusterId":"d1f52420-f0c3-4065-a200-0bce880c2d0b","isConfiguredSlaDomainRetentionLocked":false,"effectiveSlaDomainId":"UNPROTECTED","effectiveSlaDomainName":"Unprotected","isEffectiveSlaDomainRetentionLocked":false,"effectiveSlaSourceObjectId":"VolumeGroup:::226872c2-26c8-427a-8e75-080e7980a99f","effectiveSlaSourceObjectName":"ldtdsm05san02.etf.barcapetf.com volumes","slaAssignment":"Unassigned","retentionSlaDomainId":"UNPROTECTED","hostname":"ldtdsm05san02.etf.barcapetf.com","hostId":"Host:::4ca4b3a9-355e-4291-b5df-54f935901057","isRelic":false,"needsMigration":false,"forceFull":false},{"id":"VolumeGroup:::4312279d-b062-4486-958f-8098c5f3a4d3","name":"10.123.165.113 volumes","configuredSlaDomainId":"7b38c163-b802-4cba-9582-6f31e1e4cfb9","configuredSlaDomainName":"sla_FFull_ci278_79f4e909-1f57-4802-bd2e-992c7be0d78a","configuredSlaDomainType":"ProtectionSla","primaryClusterId":"d1f52420-f0c3-4065-a200-0bce880c2d0b","isConfiguredSlaDomainRetentionLocked":false,"slaLastUpdateTime":"2024-06-12T11:01:44.892Z","effectiveSlaDomainId":"7b38c163-b802-4cba-9582-6f31e1e4cfb9","effectiveSlaDomainName":"sla_FFull_ci278_79f4e909-1f57-4802-bd2e-992c7be0d78a","isEffectiveSlaDomainRetentionLocked":false,"effectiveSlaSourceObjectId":"VolumeGroup:::4312279d-b062-4486-958f-8098c5f3a4d3","effectiveSlaSourceObjectName":"10.123.165.113 volumes","slaAssignment":"Direct","retentionSlaDomainId":"7b38c163-b802-4cba-9582-6f31e1e4cfb9","hostname":"10.123.165.113","hostId":"Host:::bc36a645-0271-4f5f-8f59-a72eaf835829","isRelic":false,"needsMigration":false,"forceFull":false},{"id":"VolumeGroup:::bfc6b5f3-56a8-4d68-b8d3-d07573486f3f","name":"10.125.183.11 volumes","configuredSlaDomainId":"INHERIT","configuredSlaDomainName":"Inherit","configuredSlaDomainType":"ProtectionSla","primaryClusterId":"d1f52420-f0c3-4065-a200-0bce880c2d0b","isConfiguredSlaDomainRetentionLocked":false,"effectiveSlaDomainId":"UNPROTECTED","effectiveSlaDomainName":"Unprotected","isEffectiveSlaDomainRetentionLocked":false,"effectiveSlaSourceObjectId":"VolumeGroup:::bfc6b5f3-56a8-4d68-b8d3-d07573486f3f","effectiveSlaSourceObjectName":"10.125.183.11 volumes","slaAssignment":"Unassigned","retentionSlaDomainId":"UNPROTECTED","hostname":"10.125.183.11","hostId":"Host:::fbaf1e26-f7c9-4405-bca8-4d815e99154d","isRelic":false,"needsMigration":false,"forceFull":false},{"id":"VolumeGroup:::15b52582-28d6-4f98-873e-5a0b30268974","name":"LDTDSM02NJ01.etf.barcapetf.com volumes","configuredSlaDomainId":"INHERIT","configuredSlaDomainName":"Bronze","configuredSlaDomainType":"ProtectionSla","primaryClusterId":"d1f52420-f0c3-4065-a200-0bce880c2d0b","isConfiguredSlaDomainRetentionLocked":false,"effectiveSlaDomainId":"UNPROTECTED","effectiveSlaDomainName":"Unprotected","isEffectiveSlaDomainRetentionLocked":false,"slaAssignment":"Unassigned","retentionSlaDomainId":"82c49426-314b-4389-bfd7-9b425ca4f946","hostname":"LDTDSM02NJ01.etf.barcapetf.com","hostId":"Host:::8eebcb1c-c3c5-4c3f-9c9e-b28e80e5efb4","isRelic":true,"needsMigration":false,"forceFull":false},{"id":"VolumeGroup:::e9b8baa8-4d79-416f-84c7-6bf7953365d3","name":"LDTDSM02RK01.etf.barcapetf.com volumes","configuredSlaDomainId":"INHERIT","configuredSlaDomainName":"Bronze","configuredSlaDomainType":"ProtectionSla","primaryClusterId":"d1f52420-f0c3-4065-a200-0bce880c2d0b","isConfiguredSlaDomainRetentionLocked":false,"effectiveSlaDomainId":"UNPROTECTED","effectiveSlaDomainName":"Unprotected","isEffectiveSlaDomainRetentionLocked":false,"slaAssignment":"Unassigned","retentionSlaDomainId":"82c49426-314b-4389-bfd7-9b425ca4f946","hostname":"LDTDSM02RK01.etf.barcapetf.com","hostId":"Host:::2545a6f3-0ced-47ac-a978-212f50f2dd5d","isRelic":true,"needsMigration":false,"forceFull":false},{"id":"VolumeGroup:::618ef44a-a83d-4d6d-8824-a2da34840934","name":"ldtdsm05san01.etf.barcapetf.com volumes","configuredSlaDomainId":"INHERIT","configuredSlaDomainName":"Inherit","configuredSlaDomainType":"ProtectionSla","primaryClusterId":"d1f52420-f0c3-4065-a200-0bce880c2d0b","isConfiguredSlaDomainRetentionLocked":false,"effectiveSlaDomainId":"UNPROTECTED","effectiveSlaDomainName":"Unprotected","isEffectiveSlaDomainRetentionLocked":false,"effectiveSlaSourceObjectId":"VolumeGroup:::618ef44a-a83d-4d6d-8824-a2da34840934","effectiveSlaSourceObjectName":"ldtdsm05san01.etf.barcapetf.com volumes","slaAssignment":"Unassigned","retentionSlaDomainId":"UNPROTECTED","hostname":"ldtdsm05san01.etf.barcapetf.com","hostId":"Host:::dd44434f-93a5-4e8e-9a9e-5e0fd54831d0","isRelic":false,"needsMigration":false,"forceFull":false},{"id":"VolumeGroup:::afb5bbfa-59d6-4f5b-9c70-3834d6df26c5","name":"LDTDSM02RCTST09.etf.barcapetf.com volumes","configuredSlaDomainId":"INHERIT","configuredSlaDomainName":"Inherit","configuredSlaDomainType":"ProtectionSla","primaryClusterId":"d1f52420-f0c3-4065-a200-0bce880c2d0b","isConfiguredSlaDomainRetentionLocked":false,"effectiveSlaDomainId":"UNPROTECTED","effectiveSlaDomainName":"Unprotected","isEffectiveSlaDomainRetentionLocked":false,"effectiveSlaSourceObjectId":"VolumeGroup:::afb5bbfa-59d6-4f5b-9c70-3834d6df26c5","effectiveSlaSourceObjectName":"LDTDSM02RCTST09.etf.barcapetf.com volumes","slaAssignment":"Unassigned","retentionSlaDomainId":"UNPROTECTED","hostname":"LDTDSM02RCTST09.etf.barcapetf.com","hostId":"Host:::9738776f-95d1-4cca-b6e2-9991939dbc6f","isRelic":false,"needsMigration":false,"forceFull":false},{"id":"VolumeGroup:::05188979-8f93-4d6d-8784-3afc01abdf1f","name":"10.123.164.22 volumes","configuredSlaDomainId":"e165412c-6910-4831-a2c3-eedad1ad11f4","configuredSlaDomainName":"replicationtest","configuredSlaDomainType":"ProtectionSla","primaryClusterId":"d1f52420-f0c3-4065-a200-0bce880c2d0b","isConfiguredSlaDomainRetentionLocked":false,"slaLastUpdateTime":"2024-06-15T13:44:29.892Z","effectiveSlaDomainId":"e165412c-6910-4831-a2c3-eedad1ad11f4","effectiveSlaDomainName":"replicationtest","isEffectiveSlaDomainRetentionLocked":false,"effectiveSlaSourceObjectId":"VolumeGroup:::05188979-8f93-4d6d-8784-3afc01abdf1f","effectiveSlaSourceObjectName":"10.123.164.22 volumes","slaAssignment":"Direct","retentionSlaDomainId":"e165412c-6910-4831-a2c3-eedad1ad11f4","hostname":"10.123.164.22","hostId":"Host:::1f12a818-d4e8-4fce-8df7-47d2c56db952","isRelic":false,"needsMigration":false,"forceFull":false},{"id":"VolumeGroup:::dec291a7-1a30-4924-b762-79887ee349fc","name":"ldtdsm02z03446.etf.barcapetf.com volumes","configuredSlaDomainId":"INHERIT","configuredSlaDomainName":"Inherit","configuredSlaDomainType":"ProtectionSla","primaryClusterId":"d1f52420-f0c3-4065-a200-0bce880c2d0b","isConfiguredSlaDomainRetentionLocked":false,"effectiveSlaDomainId":"UNPROTECTED","effectiveSlaDomainName":"Unprotected","isEffectiveSlaDomainRetentionLocked":false,"effectiveSlaSourceObjectId":"VolumeGroup:::dec291a7-1a30-4924-b762-79887ee349fc","effectiveSlaSourceObjectName":"ldtdsm02z03446.etf.barcapetf.com volumes","slaAssignment":"Unassigned","retentionSlaDomainId":"UNPROTECTED","hostname":"ldtdsm02z03446.etf.barcapetf.com","hostId":"Host:::cfc3f99d-dded-40a3-b138-6ad94d543a91","isRelic":false,"needsMigration":false,"forceFull":false}],"total":9,"links":{}}
