{"id":"Host:::42bb2630-3600-4844-a232-d2d7795affe7","name":"10.125.219.10","hostname":"10.125.219.10","primaryClusterId":"d1f52420-f0c3-4065-a200-0bce880c2d0b","operatingSystem":"Cristie RBMR recovery environment (PE11) 64-bit","operatingSystemType":"Windows","status":"Connected","lastRefreshTimeStamp":1719088041742,"mssqlCbtEnabled":"Default","mssqlCbtEffectiveStatus":"OffDefault","agentId":"24317494-1f73-539f-afda-a1cc2421972a","compressionEnabled":false,"isRelic":false,"mssqlCbtDriverInstalled":false,"hostVfdEnabled":"Enabled","hostVfdDriverState":"NotInstalled","isOracleHost":false}
