{"StorageSubSystems":[{"ObjectId":"{1}\\\\ldtdcm05san\\root/Microsoft/Windows/Storage/Providers_v2\\SPACES_StorageSubsystem.ObjectId=\"{2fbb645b-68ad-40d2-904c-193b5c197f79}:SS\"","UniqueId":"{2fbb645b-68ad-40d2-904c-193b5c197f79}:SS","PassThroughIds":"","PassThroughServer":"","PassThroughNamespace":"","PassThroughClass":"","FriendlyName":"Clustered Windows Storage on ldtdcm05san","Description":"","Name":"ldtdcm05san","NameFormat":1,"OtherIdentifyingInfo":[],"OtherIdentifyingInfoDescription":[],"HealthStatus":0,"OperationalStatus":[2],"OtherOperationalStatusDescription":"","CurrentCacheLevel":0,"Manufacturer":"Microsoft Corporation","Model":"Clustered Windows Storage","SerialNumber":"{2fbb645b-68ad-40d2-904c-193b5c197f79}","FirmwareVersion":"10.0.4","Tag":"","AutomaticClusteringEnabled":true,"PhysicalDisksPerStoragePoolMin":3,"SupportsMirrorLocal":false,"SupportsMirrorRemote":true,"SupportsSnapshotLocal":false,"SupportsSnapshotRemote":false,"SupportsCloneLocal":false,"SupportsCloneRemote":false,"SupportsVirtualDiskCreation":true,"SupportsVirtualDiskModification":true,"SupportsVirtualDiskDeletion":true,"SupportsVirtualDiskCapacityExpansion":true,"SupportsVirtualDiskCapacityReduction":false,"SupportsVirtualDiskRepair":true,"SupportsVolumeCreation":true,"SupportsStoragePoolCreation":true,"SupportsStoragePoolDeletion":true,"SupportsStoragePoolFriendlyNameModification":true,"SupportsStoragePoolAddPhysicalDisk":true,"SupportsStoragePoolRemovePhysicalDisk":true,"SupportsAutomaticStoragePoolSelection":false,"SupportsMultipleResiliencySettingsPerStoragePool":true,"SupportsStorageTierCreation":true,"SupportsStorageTierDeletion":true,"SupportsStorageTierResize":true,"SupportsStorageTierFriendlyNameModification":true,"SupportsStorageTieredVirtualDiskCreation":true,"ReplicasPerSourceSnapshotMax":0,"ReplicasPerSourceCloneMax":0,"ReplicasPerSourceMirrorMax":0,"SupportsMaskingVirtualDiskToHosts":false,"MaskingValidInitiatorIdTypes":[4],"MaskingOtherValidInitiatorIdTypes":[],"MaskingPortsPerView":4,"MaskingClientSelectableDeviceNumbers":false,"MaskingOneInitiatorIdPerView":false,"MaskingMapCountMax":1,"DataTieringType":3,"iSCSITargetCreationScheme":0,"NumberOfSlots":0,"SupportedHostType":[],"OtherHostTypeDescription":[],"StoragePools":[{"ObjectId":"{1}\\\\ldtdcm05san\\root/Microsoft/Windows/Storage/Providers_v2\\SPACES_StoragePool.ObjectId=\"{2fbb645b-68ad-40d2-904c-193b5c197f79}:SP:{9cfe4aa8-8f48-4154-ae01-88ea461fc9b3}\"","UniqueId":"{9cfe4aa8-8f48-4154-ae01-88ea461fc9b3}","PassThroughIds":"","PassThroughServer":"","PassThroughNamespace":"","PassThroughClass":"","FriendlyName":"Primordial","Name":"","Usage":1,"OtherUsageDescription":"","IsPrimordial":true,"HealthStatus":0,"OperationalStatus":[2],"OtherOperationalStatusDescription":"","Size":8310895935488,"AllocatedSize":0,"LogicalSectorSize":0,"PhysicalSectorSize":0,"ProvisioningTypeDefault":2,"SupportedProvisioningTypes":[2],"ResiliencySettingNameDefault":"Mirror","IsReadOnly":false,"ReadOnlyReason":1,"IsClustered":true,"SupportsDeduplication":true,"ThinProvisioningAlertThresholds":[70],"ClearOnDeallocate":false,"IsPowerProtected":false,"RepairPolicy":3,"EnclosureAwareDefault":false,"FaultDomainAwarenessDefault":1,"RetireMissingPhysicalDisks":1,"Version":22,"WriteCacheSizeDefault":18446744073709551615,"WriteCacheSizeMin":0,"WriteCacheSizeMax":18446744073709551614,"PhysicalDisks":[],"StorageTiers":[],"VirtualDisks":[]}]},{"ObjectId":"{1}\\\\ldtdcm05san\\root/Microsoft/Windows/Storage/Providers_v2\\SPACES_StorageSubsystem.ObjectId=\"{9dea177e-1add-11ee-80d0-806e6f6e6963}:SS\"","UniqueId":"{9dea177e-1add-11ee-80d0-806e6f6e6963}:SS","PassThroughIds":"","PassThroughServer":"","PassThroughNamespace":"","PassThroughClass":"","FriendlyName":"Windows Storage on ldtdsm05san01","Description":"","Name":"ldtdsm05san01","NameFormat":1,"OtherIdentifyingInfo":[],"OtherIdentifyingInfoDescription":[],"HealthStatus":0,"OperationalStatus":[2],"OtherOperationalStatusDescription":"","CurrentCacheLevel":0,"Manufacturer":"Microsoft Corporation","Model":"Windows Storage","SerialNumber":"{9dea177e-1add-11ee-80d0-806e6f6e6963}","FirmwareVersion":"10.0.4","Tag":"","AutomaticClusteringEnabled":false,"PhysicalDisksPerStoragePoolMin":1,"SupportsMirrorLocal":false,"SupportsMirrorRemote":true,"SupportsSnapshotLocal":false,"SupportsSnapshotRemote":false,"SupportsCloneLocal":false,"SupportsCloneRemote":false,"SupportsVirtualDiskCreation":true,"SupportsVirtualDiskModification":true,"SupportsVirtualDiskDeletion":true,"SupportsVirtualDiskCapacityExpansion":true,"SupportsVirtualDiskCapacityReduction":false,"SupportsVirtualDiskRepair":true,"SupportsVolumeCreation":true,"SupportsStoragePoolCreation":true,"SupportsStoragePoolDeletion":true,"SupportsStoragePoolFriendlyNameModification":true,"SupportsStoragePoolAddPhysicalDisk":true,"SupportsStoragePoolRemovePhysicalDisk":true,"SupportsAutomaticStoragePoolSelection":false,"SupportsMultipleResiliencySettingsPerStoragePool":true,"SupportsStorageTierCreation":true,"SupportsStorageTierDeletion":true,"SupportsStorageTierResize":true,"SupportsStorageTierFriendlyNameModification":true,"SupportsStorageTieredVirtualDiskCreation":true,"ReplicasPerSourceSnapshotMax":0,"ReplicasPerSourceCloneMax":0,"ReplicasPerSourceMirrorMax":0,"SupportsMaskingVirtualDiskToHosts":false,"MaskingValidInitiatorIdTypes":[4],"MaskingOtherValidInitiatorIdTypes":[],"MaskingPortsPerView":4,"MaskingClientSelectableDeviceNumbers":false,"MaskingOneInitiatorIdPerView":false,"MaskingMapCountMax":1,"DataTieringType":3,"iSCSITargetCreationScheme":0,"NumberOfSlots":0,"SupportedHostType":[],"OtherHostTypeDescription":[],"StoragePools":[{"ObjectId":"{1}\\\\ldtdcm05san\\root/Microsoft/Windows/Storage/Providers_v2\\SPACES_StoragePool.ObjectId=\"{9dea177e-1add-11ee-80d0-806e6f6e6963}:SP:{9dea177d-1add-11ee-80d0-806e6f6e6963}\"","UniqueId":"{9dea177d-1add-11ee-80d0-806e6f6e6963}","PassThroughIds":"","PassThroughServer":"","PassThroughNamespace":"","PassThroughClass":"","FriendlyName":"Primordial","Name":"","Usage":1,"OtherUsageDescription":"","IsPrimordial":true,"HealthStatus":0,"OperationalStatus":[2],"OtherOperationalStatusDescription":"","Size":8310895935488,"AllocatedSize":0,"LogicalSectorSize":0,"PhysicalSectorSize":0,"ProvisioningTypeDefault":2,"SupportedProvisioningTypes":[1,2],"ResiliencySettingNameDefault":"Mirror","IsReadOnly":false,"ReadOnlyReason":1,"IsClustered":false,"SupportsDeduplication":true,"ThinProvisioningAlertThresholds":[70],"ClearOnDeallocate":false,"IsPowerProtected":false,"RepairPolicy":3,"EnclosureAwareDefault":false,"FaultDomainAwarenessDefault":1,"RetireMissingPhysicalDisks":1,"Version":22,"WriteCacheSizeDefault":18446744073709551615,"WriteCacheSizeMin":0,"WriteCacheSizeMax":18446744073709551614,"PhysicalDisks":[{"ObjectId":"{1}\\\\ldtdcm05san\\root/Microsoft/Windows/Storage/Providers_v2\\SPACES_PhysicalDisk.ObjectId=\"{9dea177e-1add-11ee-80d0-806e6f6e6963}:PD:{6d07b4fc-44b5-cece-715a-27c0e7be51f5}\"","UniqueId":"6F4EE080473B74002C302E2243DBD4DB","PassThroughIds":"","PassThroughServer":"","PassThroughNamespace":"","PassThroughClass":"","UniqueIdFormat":3,"DeviceId":"0","FriendlyName":"DELL PERC H740P Adp","HealthStatus":0,"OperationalStatus":[2],"OperationalDetails":[],"PhysicalLocation":"PCI Slot 6 : Adapter 0 : Port 1 : Target 0 : LUN 0","VirtualDiskFootprint":0,"Usage":1,"SupportedUsages":[1,2,3,4,5],"Description":"","PartNumber":"","FirmwareVersion":"5.16","SoftwareVersion":"","Size":107374182400,"AllocatedSize":107374182400,"BusType":8,"IsWriteCacheEnabled":false,"IsPowerProtected":false,"PhysicalSectorSize":512,"LogicalSectorSize":512,"SpindleSpeed":0,"IsIndicationEnabled":false,"EnclosureNumber":0,"SlotNumber":0,"CanPool":false,"CannotPoolReason":[7],"OtherCannotPoolReasonDescription":"","IsPartial":true,"MediaType":4},{"ObjectId":"{1}\\\\ldtdcm05san\\root/Microsoft/Windows/Storage/Providers_v2\\SPACES_PhysicalDisk.ObjectId=\"{9dea177e-1add-11ee-80d0-806e6f6e6963}:PD:{2e9771ac-52b8-2750-86e1-4ba2b173fa5c}\"","UniqueId":"6F4EE080473B74002C302E427396A07C","PassThroughIds":"","PassThroughServer":"","PassThroughNamespace":"","PassThroughClass":"","UniqueIdFormat":3,"DeviceId":"1","FriendlyName":"DELL PERC H740P Adp","HealthStatus":0,"OperationalStatus":[2],"OperationalDetails":[],"PhysicalLocation":"PCI Slot 6 : Adapter 0 : Port 1 : Target 1 : LUN 0","VirtualDiskFootprint":0,"Usage":1,"SupportedUsages":[1,2,3,4,5],"Description":"","PartNumber":"","FirmwareVersion":"5.16","SoftwareVersion":"","Size":372185759744,"AllocatedSize":372185759744,"BusType":8,"IsWriteCacheEnabled":false,"IsPowerProtected":false,"PhysicalSectorSize":512,"LogicalSectorSize":512,"SpindleSpeed":0,"IsIndicationEnabled":false,"EnclosureNumber":0,"SlotNumber":0,"CanPool":false,"CannotPoolReason":[7],"OtherCannotPoolReasonDescription":"","IsPartial":true,"MediaType":4},{"ObjectId":"{1}\\\\ldtdcm05san\\root/Microsoft/Windows/Storage/Providers_v2\\SPACES_PhysicalDisk.ObjectId=\"{9dea177e-1add-11ee-80d0-806e6f6e6963}:PD:{126f8529-dbfd-efd6-b4a9-19eadff23e99}\"","UniqueId":"624A9370CA1CF0AB34BC4CF70010FC2A","PassThroughIds":"","PassThroughServer":"","PassThroughNamespace":"","PassThroughClass":"","UniqueIdFormat":3,"DeviceId":"2","FriendlyName":"PURE FlashArray","HealthStatus":0,"OperationalStatus":[2],"OperationalDetails":[],"PhysicalLocation":"Integrated : Adapter 4 : Port 0 : Target 0 : LUN 249","VirtualDiskFootprint":0,"Usage":1,"SupportedUsages":[1,2,3,4,5],"Description":"","PartNumber":"","FirmwareVersion":"8888","SoftwareVersion":"","Size":53687091200,"AllocatedSize":53686042624,"BusType":6,"IsWriteCacheEnabled":false,"IsPowerProtected":false,"PhysicalSectorSize":512,"LogicalSectorSize":512,"SpindleSpeed":0,"IsIndicationEnabled":false,"EnclosureNumber":0,"SlotNumber":0,"CanPool":false,"CannotPoolReason":[7],"OtherCannotPoolReasonDescription":"","IsPartial":true,"MediaType":4},{"ObjectId":"{1}\\\\ldtdcm05san\\root/Microsoft/Windows/Storage/Providers_v2\\SPACES_PhysicalDisk.ObjectId=\"{9dea177e-1add-11ee-80d0-806e6f6e6963}:PD:{694784da-9dc2-d06b-f283-89611c923e2e}\"","UniqueId":"624A9370CA1CF0AB34BC4CF70010FC29","PassThroughIds":"","PassThroughServer":"","PassThroughNamespace":"","PassThroughClass":"","UniqueIdFormat":3,"DeviceId":"3","FriendlyName":"PURE FlashArray","HealthStatus":0,"OperationalStatus":[2],"OperationalDetails":[],"PhysicalLocation":"Integrated : Adapter 4 : Port 0 : Target 0 : LUN 250","VirtualDiskFootprint":0,"Usage":1,"SupportedUsages":[1,2,3,4,5],"Description":"","PartNumber":"","FirmwareVersion":"8888","SoftwareVersion":"","Size":53687091200,"AllocatedSize":53686042624,"BusType":6,"IsWriteCacheEnabled":false,"IsPowerProtected":false,"PhysicalSectorSize":512,"LogicalSectorSize":512,"SpindleSpeed":0,"IsIndicationEnabled":false,"EnclosureNumber":0,"SlotNumber":0,"CanPool":false,"CannotPoolReason":[7],"OtherCannotPoolReasonDescription":"","IsPartial":true,"MediaType":4},{"ObjectId":"{1}\\\\ldtdcm05san\\root/Microsoft/Windows/Storage/Providers_v2\\SPACES_PhysicalDisk.ObjectId=\"{9dea177e-1add-11ee-80d0-806e6f6e6963}:PD:{e57cd8c0-2f1e-22b1-7fe9-59698da5fad6}\"","UniqueId":"624A9370CA1CF0AB34BC4CF70010FC28","PassThroughIds":"","PassThroughServer":"","PassThroughNamespace":"","PassThroughClass":"","UniqueIdFormat":3,"DeviceId":"4","FriendlyName":"PURE FlashArray","HealthStatus":0,"OperationalStatus":[2],"OperationalDetails":[],"PhysicalLocation":"Integrated : Adapter 4 : Port 0 : Target 0 : LUN 251","VirtualDiskFootprint":0,"Usage":1,"SupportedUsages":[1,2,3,4,5],"Description":"","PartNumber":"","FirmwareVersion":"8888","SoftwareVersion":"","Size":7696581394432,"AllocatedSize":7696580345856,"BusType":6,"IsWriteCacheEnabled":false,"IsPowerProtected":false,"PhysicalSectorSize":512,"LogicalSectorSize":512,"SpindleSpeed":0,"IsIndicationEnabled":false,"EnclosureNumber":0,"SlotNumber":0,"CanPool":false,"CannotPoolReason":[7],"OtherCannotPoolReasonDescription":"","IsPartial":true,"MediaType":4},{"ObjectId":"{1}\\\\ldtdcm05san\\root/Microsoft/Windows/Storage/Providers_v2\\SPACES_PhysicalDisk.ObjectId=\"{9dea177e-1add-11ee-80d0-806e6f6e6963}:PD:{aff80842-5d00-1476-3142-f28749cf1741}\"","UniqueId":"624A9370CA1CF0AB34BC4CF70010FC27","PassThroughIds":"","PassThroughServer":"","PassThroughNamespace":"","PassThroughClass":"","UniqueIdFormat":3,"DeviceId":"5","FriendlyName":"PURE FlashArray","HealthStatus":0,"OperationalStatus":[2],"OperationalDetails":[],"PhysicalLocation":"Integrated : Adapter 4 : Port 0 : Target 0 : LUN 252","VirtualDiskFootprint":0,"Usage":1,"SupportedUsages":[1,2,3,4,5],"Description":"","PartNumber":"","FirmwareVersion":"8888","SoftwareVersion":"","Size":21474836480,"AllocatedSize":21473787904,"BusType":6,"IsWriteCacheEnabled":false,"IsPowerProtected":false,"PhysicalSectorSize":512,"LogicalSectorSize":512,"SpindleSpeed":0,"IsIndicationEnabled":false,"EnclosureNumber":0,"SlotNumber":0,"CanPool":false,"CannotPoolReason":[7],"OtherCannotPoolReasonDescription":"","IsPartial":true,"MediaType":4},{"ObjectId":"{1}\\\\ldtdcm05san\\root/Microsoft/Windows/Storage/Providers_v2\\SPACES_PhysicalDisk.ObjectId=\"{9dea177e-1add-11ee-80d0-806e6f6e6963}:PD:{43a0f931-c272-488b-cd9c-08e8d4299740}\"","UniqueId":"624A9370CA1CF0AB34BC4CF70010FC24","PassThroughIds":"","PassThroughServer":"","PassThroughNamespace":"","PassThroughClass":"","UniqueIdFormat":3,"DeviceId":"6","FriendlyName":"PURE FlashArray","HealthStatus":0,"OperationalStatus":[2],"OperationalDetails":[],"PhysicalLocation":"Integrated : Adapter 4 : Port 0 : Target 0 : LUN 253","VirtualDiskFootprint":0,"Usage":1,"SupportedUsages":[1,2,3,4,5],"Description":"","PartNumber":"","FirmwareVersion":"8888","SoftwareVersion":"","Size":5368709120,"AllocatedSize":5367660544,"BusType":6,"IsWriteCacheEnabled":false,"IsPowerProtected":false,"PhysicalSectorSize":512,"LogicalSectorSize":512,"SpindleSpeed":0,"IsIndicationEnabled":false,"EnclosureNumber":0,"SlotNumber":0,"CanPool":false,"CannotPoolReason":[7],"OtherCannotPoolReasonDescription":"","IsPartial":true,"MediaType":4},{"ObjectId":"{1}\\\\ldtdcm05san\\root/Microsoft/Windows/Storage/Providers_v2\\SPACES_PhysicalDisk.ObjectId=\"{9dea177e-1add-11ee-80d0-806e6f6e6963}:PD:{0c9f6f7f-3030-e97f-91e3-8262d485c17b}\"","UniqueId":"624A9370CA1CF0AB34BC4CF70010FC23","PassThroughIds":"","PassThroughServer":"","PassThroughNamespace":"","PassThroughClass":"","UniqueIdFormat":3,"DeviceId":"7","FriendlyName":"PURE FlashArray","HealthStatus":0,"OperationalStatus":[2],"OperationalDetails":[],"PhysicalLocation":"Integrated : Adapter 4 : Port 0 : Target 0 : LUN 254","VirtualDiskFootprint":0,"Usage":1,"SupportedUsages":[1,2,3,4,5],"Description":"","PartNumber":"","FirmwareVersion":"8888","SoftwareVersion":"","Size":536870912,"AllocatedSize":535822336,"BusType":6,"IsWriteCacheEnabled":false,"IsPowerProtected":false,"PhysicalSectorSize":512,"LogicalSectorSize":512,"SpindleSpeed":0,"IsIndicationEnabled":false,"EnclosureNumber":0,"SlotNumber":0,"CanPool":false,"CannotPoolReason":[7],"OtherCannotPoolReasonDescription":"","IsPartial":true,"MediaType":4}],"StorageTiers":[],"VirtualDisks":[]}]}],"ResiliencySettings":[{"Name":"Mirror","Description":"Data is striped across physical disks, creating two or three copies of your data. This increases reliability, but reduces capacity. To protect against a single disk failure, use at least two disks (three if you're using a cluster); to protect against two disk failures, use at least five disks.","NumberOfDataCopiesMin":2,"NumberOfDataCopiesMax":8,"NumberOfDataCopiesDefault":2,"PhysicalDiskRedundancyMin":1,"PhysicalDiskRedundancyMax":7,"PhysicalDiskRedundancyDefault":1,"NumberOfColumnsMin":1,"NumberOfColumnsMax":128,"NumberOfColumnsDefault":65535,"InterleaveMin":16384,"InterleaveMax":16777216,"InterleaveDefault":262144,"ParityLayout":0,"RequestNoSinglePointOfFailure":true},{"Name":"Mirror","Description":"Data is striped across physical disks, creating two or three copies of your data. This increases reliability, but reduces capacity. To protect against a single disk failure, use at least two disks (three if you're using a cluster); to protect against two disk failures, use at least five disks.","NumberOfDataCopiesMin":2,"NumberOfDataCopiesMax":8,"NumberOfDataCopiesDefault":2,"PhysicalDiskRedundancyMin":1,"PhysicalDiskRedundancyMax":7,"PhysicalDiskRedundancyDefault":1,"NumberOfColumnsMin":1,"NumberOfColumnsMax":128,"NumberOfColumnsDefault":65535,"InterleaveMin":16384,"InterleaveMax":16777216,"InterleaveDefault":262144,"ParityLayout":0,"RequestNoSinglePointOfFailure":true},{"Name":"Parity","Description":"Data and parity information are striped across physical disks, increasing reliability, but somewhat reducing capacity and performance. To protect against a single disk failure, use at least three disks; to protect against two disk failures, use at least seven disks.","NumberOfDataCopiesMin":1,"NumberOfDataCopiesMax":8,"NumberOfDataCopiesDefault":1,"PhysicalDiskRedundancyMin":1,"PhysicalDiskRedundancyMax":2,"PhysicalDiskRedundancyDefault":1,"NumberOfColumnsMin":3,"NumberOfColumnsMax":8,"NumberOfColumnsDefault":65535,"InterleaveMin":16384,"InterleaveMax":16777216,"InterleaveDefault":262144,"ParityLayout":2,"RequestNoSinglePointOfFailure":true},{"Name":"Parity","Description":"Data and parity information are striped across physical disks, increasing reliability, but somewhat reducing capacity and performance. To protect against a single disk failure, use at least three disks; to protect against two disk failures, use at least seven disks.","NumberOfDataCopiesMin":1,"NumberOfDataCopiesMax":8,"NumberOfDataCopiesDefault":1,"PhysicalDiskRedundancyMin":1,"PhysicalDiskRedundancyMax":2,"PhysicalDiskRedundancyDefault":1,"NumberOfColumnsMin":3,"NumberOfColumnsMax":8,"NumberOfColumnsDefault":65535,"InterleaveMin":16384,"InterleaveMax":16777216,"InterleaveDefault":262144,"ParityLayout":2,"RequestNoSinglePointOfFailure":true},{"Name":"Simple","Description":"Data is striped across physical disks, maximizing capacity and increasing throughput, but decreasing reliability. This storage layout requires at least one disk and does not protect you from a disk failure.","NumberOfDataCopiesMin":1,"NumberOfDataCopiesMax":1,"NumberOfDataCopiesDefault":1,"PhysicalDiskRedundancyMin":0,"PhysicalDiskRedundancyMax":0,"PhysicalDiskRedundancyDefault":0,"NumberOfColumnsMin":1,"NumberOfColumnsMax":128,"NumberOfColumnsDefault":65535,"InterleaveMin":16384,"InterleaveMax":16777216,"InterleaveDefault":262144,"ParityLayout":0,"RequestNoSinglePointOfFailure":false},{"Name":"Simple","Description":"Data is striped across physical disks, maximizing capacity and increasing throughput, but decreasing reliability. This storage layout requires at least one disk and does not protect you from a disk failure.","NumberOfDataCopiesMin":1,"NumberOfDataCopiesMax":1,"NumberOfDataCopiesDefault":1,"PhysicalDiskRedundancyMin":0,"PhysicalDiskRedundancyMax":0,"PhysicalDiskRedundancyDefault":0,"NumberOfColumnsMin":1,"NumberOfColumnsMax":128,"NumberOfColumnsDefault":65535,"InterleaveMin":16384,"InterleaveMax":16777216,"InterleaveDefault":262144,"ParityLayout":0,"RequestNoSinglePointOfFailure":false}],"StorageNodes":[{"ObjectId":"{1}\\\\ldtdcm05san\\root/Microsoft/Windows/Storage/Providers_v2\\SPACES_StorageNode.ObjectId=\"{9dea177e-1add-11ee-80d0-806e6f6e6963}:SN:ldtdsm05san01\"","UniqueId":"{9dea177e-1add-11ee-80d0-806e6f6e6963}:SN:ldtdsm05san01","PassThroughIds":"","PassThroughServer":"","PassThroughNamespace":"","PassThroughClass":"","Name":"ldtdsm05san01","NameFormat":1,"OtherIdentifyingInfo":[],"OtherIdentifyingInfoDescription":[],"OperationalStatus":2},{"ObjectId":"{1}\\\\ldtdcm05san\\root/Microsoft/Windows/Storage/Providers_v2\\SPACES_StorageNode.ObjectId=\"{2fbb645b-68ad-40d2-904c-193b5c197f79}:SN:ldtdsm05san01\"","UniqueId":"{2fbb645b-68ad-40d2-904c-193b5c197f79}:SN:ldtdsm05san01","PassThroughIds":"","PassThroughServer":"","PassThroughNamespace":"","PassThroughClass":"","Name":"ldtdsm05san01","NameFormat":1,"OtherIdentifyingInfo":[],"OtherIdentifyingInfoDescription":[],"OperationalStatus":2},{"ObjectId":"{1}\\\\ldtdcm05san\\root/Microsoft/Windows/Storage/Providers_v2\\SPACES_StorageNode.ObjectId=\"{2fbb645b-68ad-40d2-904c-193b5c197f79}:SN:ldtdsm05san02\"","UniqueId":"{2fbb645b-68ad-40d2-904c-193b5c197f79}:SN:ldtdsm05san02","PassThroughIds":"","PassThroughServer":"","PassThroughNamespace":"","PassThroughClass":"","Name":"ldtdsm05san02","NameFormat":1,"OtherIdentifyingInfo":[],"OtherIdentifyingInfoDescription":[],"OperationalStatus":2}],"StorageTiers":[]}